NC_048217.1,NC_048216.1,13283,12244,18
NC_048217.1,NC_048214.1,13362,11983,20
NC_048217.1,NC_048213.1,19655,18431,17
NC_048217.1,NC_046965.1,15413,13863,21
NC_048217.1,NC_045512.2,13281,13138,20
NC_048217.1,NC_032730.1,15841,14765,25
NC_048217.1,NC_034440.1,11020,10612,22
NC_048217.1,NC_006213.1,16928,16666,87
NC_048217.1,NC_034972.1,15845,14562,17
NC_048217.1,NC_039207.1,14980,14980,27
NC_048217.1,NC_038861.1,29257,26497,19
NC_048217.1,NC_038294.1,15197,15042,26
NC_048217.1,NC_011547.1,14378,12149,26
NC_048217.1,NC_032107.1,15992,14859,23
NC_048217.1,NC_030886.1,19332,18846,19
NC_048217.1,NC_030292.1,13362,11882,17
NC_048217.1,NC_028833.1,30105,25988,19
NC_048217.1,NC_028824.1,13362,12017,20
NC_048217.1,NC_028814.1,20984,19456,21
NC_048217.1,NC_028811.1,11995,10664,20
NC_048217.1,NC_028806.1,15056,13775,20
NC_048217.1,NC_028752.1,17897,16833,23
NC_048217.1,NC_026011.1,15799,15681,54
NC_048217.1,NC_025217.1,14894,15232,20
NC_048217.1,NC_019843.3,15197,15043,26
NC_048217.1,NC_023760.1,15053,13747,17
NC_048217.1,AC_000192.1,31057,31233,277
NC_048217.1,NC_022103.1,18174,17101,16
NC_048217.1,NC_018871.1,20987,19873,20
NC_048217.1,NC_017083.1,30566,30355,50
NC_048217.1,NC_016992.1,16045,13879,15
NC_048217.1,NC_016991.1,19288,17170,21
NC_048217.1,NC_016996.1,17678,15146,17
NC_048217.1,NC_016995.1,19398,16721,19
NC_048217.1,NC_016994.1,15584,13311,17
NC_048217.1,NC_016993.1,15584,13428,29
NC_048217.1,NC_002306.3,19292,18090,17
NC_048217.1,NC_012936.1,15758,15712,209
NC_048217.1,NC_011550.1,14944,12952,18
NC_048217.1,NC_011549.1,15182,12998,27
NC_048217.1,NC_010800.1,27718,23773,20
NC_048217.1,NC_010646.1,15842,14622,23
NC_048217.1,NC_010438.1,13367,12703,21
NC_048217.1,NC_010437.1,15992,15435,24
NC_048217.1,NC_009988.1,5860,933,17
NC_048217.1,NC_009657.1,15998,15043,22
NC_048217.1,NC_009021.1,15407,14768,27
NC_048217.1,NC_009020.1,15197,15298,26
NC_048217.1,NC_009019.1,19382,19345,35
NC_048217.1,NC_006577.2,15814,15812,42
NC_048217.1,NC_005831.2,18053,16893,20
NC_048217.1,NC_004718.3,15644,15449,21
NC_048217.1,NC_003436.1,21512,20404,18
NC_048217.1,NC_003045.1,16934,16673,81
NC_048217.1,NC_002645.1,10682,9657,18
NC_048217.1,NC_001846.1,18682,18681,4057
NC_048217.1,NC_001451.1,8845,7486,19
NC_048217.1,KX432213.1,16934,16606,81
NC_048217.1,JX860640.1,16934,16673,81
NC_048217.1,MT121216.1,15180,14914,37
NC_048217.1,MT040336.1,14897,14749,19
NC_048217.1,NC_039208.1,13363,11186,19
NC_048217.1,bat/Yunnan/RaTG13/2013,15644,15501,21
NC_048217.1,Beijing/IVDC-01-06/2020,13281,13138,20
NC_048217.1,Beijing/IVDC-02-06/2020,13281,13138,20
NC_048217.1,env/Beijing/IVDC-03-06/2020,13281,13138,20
NC_048217.1,NC_046964.1,15992,14550,23
NC_048217.1,NC_014470.1,15644,15348,21
NC_048216.1,NC_048214.1,14797,14562,23
NC_048216.1,NC_048213.1,23932,23077,22
NC_048216.1,NC_046965.1,14788,14286,26
NC_048216.1,NC_045512.2,9064,9894,20
NC_048216.1,NC_032730.1,10841,10828,26
NC_048216.1,NC_034440.1,14359,15029,32
NC_048216.1,NC_006213.1,3129,30644,17
NC_048216.1,NC_034972.1,14290,14055,26
NC_048216.1,NC_039207.1,14359,15407,32
NC_048216.1,NC_038861.1,13219,13000,24
NC_048216.1,NC_038294.1,14359,15252,32
NC_048216.1,NC_011547.1,14360,13173,16
NC_048216.1,NC_032107.1,3,0,42
NC_048216.1,NC_030886.1,14359,14900,23
NC_048216.1,NC_030292.1,28652,28324,21
NC_048216.1,NC_028833.1,13378,12806,29
NC_048216.1,NC_028824.1,14857,14551,38
NC_048216.1,NC_028814.1,6929,6572,27
NC_048216.1,NC_028811.1,20200,19893,33
NC_048216.1,NC_028806.1,13219,12986,24
NC_048216.1,NC_028752.1,1,44,38
NC_048216.1,NC_026011.1,12329,13250,21
NC_048216.1,NC_025217.1,13831,15217,18
NC_048216.1,NC_019843.3,14359,15253,32
NC_048216.1,NC_023760.1,14542,14284,28
NC_048216.1,AC_000192.1,10545,8337,17
NC_048216.1,NC_022103.1,20068,20031,25
NC_048216.1,NC_018871.1,8933,9002,28
NC_048216.1,NC_017083.1,13222,14202,23
NC_048216.1,NC_016992.1,23928,22159,20
NC_048216.1,NC_016991.1,14360,13170,25
NC_048216.1,NC_016996.1,23934,21931,20
NC_048216.1,NC_016995.1,23012,20744,21
NC_048216.1,NC_016994.1,14365,13143,20
NC_048216.1,NC_016993.1,14365,13260,24
NC_048216.1,NC_002306.3,13219,13071,23
NC_048216.1,NC_012936.1,23926,27227,22
NC_048216.1,NC_011550.1,18485,17526,21
NC_048216.1,NC_011549.1,14360,13224,26
NC_048216.1,NC_010800.1,14800,14618,20
NC_048216.1,NC_010646.1,16930,16761,22
NC_048216.1,NC_010438.1,13837,14215,27
NC_048216.1,NC_010437.1,12577,13068,26
NC_048216.1,NC_009988.1,14770,14659,32
NC_048216.1,NC_009657.1,13213,13306,29
NC_048216.1,NC_009021.1,9065,9378,26
NC_048216.1,NC_009020.1,14356,15505,20
NC_048216.1,NC_009019.1,14359,15373,27
NC_048216.1,NC_006577.2,13225,14286,20
NC_048216.1,NC_005831.2,1,44,44
NC_048216.1,NC_004718.3,18235,19121,17
NC_048216.1,NC_003436.1,16927,16990,27
NC_048216.1,NC_003045.1,13222,14024,23
NC_048216.1,NC_002645.1,14542,14505,29
NC_048216.1,NC_001846.1,12244,13282,18
NC_048216.1,NC_001451.1,23932,23071,22
NC_048216.1,KX432213.1,13222,13957,23
NC_048216.1,JX860640.1,13222,14024,23
NC_048216.1,MT121216.1,14359,15141,20
NC_048216.1,MT040336.1,15043,15943,23
NC_048216.1,NC_039208.1,14360,13228,26
NC_048216.1,bat/Yunnan/RaTG13/2013,9064,9876,20
NC_048216.1,Beijing/IVDC-01-06/2020,9064,9894,20
NC_048216.1,Beijing/IVDC-02-06/2020,9064,9894,20
NC_048216.1,env/Beijing/IVDC-03-06/2020,9064,9894,20
NC_048216.1,NC_046964.1,17443,17049,36
NC_048216.1,NC_014470.1,9064,9723,20
NC_048214.1,NC_048213.1,6364,6480,58
NC_048214.1,NC_046965.1,221,429,57
NC_048214.1,NC_045512.2,14121,15279,35
NC_048214.1,NC_032730.1,14061,14268,24
NC_048214.1,NC_034440.1,13137,14039,23
NC_048214.1,NC_006213.1,14121,15142,23
NC_048214.1,NC_034972.1,27730,27652,23
NC_048214.1,NC_039207.1,14316,15599,20
NC_048214.1,NC_038861.1,14061,14077,24
NC_048214.1,NC_038294.1,16029,17157,19
NC_048214.1,NC_011547.1,14049,13097,38
NC_048214.1,NC_032107.1,11978,12233,25
NC_048214.1,NC_030886.1,13899,14675,23
NC_048214.1,NC_030292.1,14709,14509,28
NC_048214.1,NC_028833.1,19626,19274,27
NC_048214.1,NC_028824.1,11978,12012,25
NC_048214.1,NC_028814.1,15999,15883,24
NC_048214.1,NC_028811.1,17594,17507,21
NC_048214.1,NC_028806.1,14061,14063,24
NC_048214.1,NC_028752.1,15993,16209,30
NC_048214.1,NC_026011.1,14124,15289,20
NC_048214.1,NC_025217.1,13137,14755,21
NC_048214.1,NC_019843.3,16029,17158,19
NC_048214.1,NC_023760.1,27731,28893,22
NC_048214.1,AC_000192.1,18375,19665,18
NC_048214.1,NC_022103.1,16756,16963,20
NC_048214.1,NC_018871.1,12001,12395,27
NC_048214.1,NC_017083.1,14121,15321,20
NC_048214.1,NC_016992.1,14307,13424,32
NC_048214.1,NC_016991.1,14052,13097,29
NC_048214.1,NC_016996.1,27601,26015,29
NC_048214.1,NC_016995.1,14703,13267,29
NC_048214.1,NC_016994.1,14052,13065,17
NC_048214.1,NC_016993.1,27601,26474,32
NC_048214.1,NC_002306.3,12663,12786,20
NC_048214.1,NC_012936.1,14300,15537,30
NC_048214.1,NC_011550.1,27601,26337,32
NC_048214.1,NC_011549.1,14052,13151,36
NC_048214.1,NC_010800.1,19764,19805,92
NC_048214.1,NC_010646.1,12248,12374,25
NC_048214.1,NC_010438.1,16328,16947,21
NC_048214.1,NC_010437.1,14803,15529,21
NC_048214.1,NC_009988.1,14130,14254,26
NC_048214.1,NC_009657.1,15996,16327,27
NC_048214.1,NC_009021.1,13899,14543,23
NC_048214.1,NC_009020.1,12606,14029,18
NC_048214.1,NC_009019.1,13525,14771,22
NC_048214.1,NC_006577.2,14119,15400,32
NC_048214.1,NC_005831.2,14055,14172,21
NC_048214.1,NC_004718.3,27601,29592,29
NC_048214.1,NC_003436.1,14061,14359,24
NC_048214.1,NC_003045.1,14121,15143,23
NC_048214.1,NC_002645.1,27731,27276,22
NC_048214.1,NC_001846.1,27731,31333,22
NC_048214.1,NC_001451.1,12240,12332,59
NC_048214.1,KX432213.1,14121,15076,23
NC_048214.1,JX860640.1,14121,15143,23
NC_048214.1,MT121216.1,22378,23844,20
NC_048214.1,MT040336.1,27601,29681,29
NC_048214.1,NC_039208.1,27601,25209,31
NC_048214.1,bat/Yunnan/RaTG13/2013,27601,29701,29
NC_048214.1,Beijing/IVDC-01-06/2020,14121,15279,35
NC_048214.1,Beijing/IVDC-02-06/2020,14121,15279,35
NC_048214.1,env/Beijing/IVDC-03-06/2020,14121,15279,35
NC_048214.1,NC_046964.1,11991,11937,19
NC_048214.1,NC_014470.1,27601,29120,29
NC_048213.1,NC_046965.1,18158,17832,26
NC_048213.1,NC_045512.2,14180,15279,20
NC_048213.1,NC_032730.1,8363,9174,19
NC_048213.1,NC_034440.1,13196,14039,23
NC_048213.1,NC_006213.1,14180,15142,20
NC_048213.1,NC_034972.1,14183,14124,20
NC_048213.1,NC_039207.1,12959,14180,20
NC_048213.1,NC_038861.1,13577,13531,26
NC_048213.1,NC_038294.1,14179,15248,18
NC_048213.1,NC_011547.1,12990,11991,20
NC_048213.1,NC_032107.1,12989,13074,21
NC_048213.1,NC_030886.1,19646,20411,21
NC_048213.1,NC_030292.1,14765,14506,20
NC_048213.1,NC_028833.1,14621,14225,20
NC_048213.1,NC_028824.1,14090,13960,20
NC_048213.1,NC_028814.1,12956,12772,20
NC_048213.1,NC_028811.1,14117,13974,23
NC_048213.1,NC_028806.1,12744,12693,28
NC_048213.1,NC_028752.1,12968,13116,17
NC_048213.1,NC_026011.1,5914,11615,18
NC_048213.1,NC_025217.1,14759,16321,32
NC_048213.1,NC_019843.3,14179,15249,18
NC_048213.1,NC_023760.1,12929,12841,24
NC_048213.1,AC_000192.1,8279,25864,17
NC_048213.1,NC_022103.1,18069,18208,23
NC_048213.1,NC_018871.1,23640,24507,26
NC_048213.1,NC_017083.1,14180,15321,23
NC_048213.1,NC_016992.1,16673,15725,26
NC_048213.1,NC_016991.1,16676,15653,23
NC_048213.1,NC_016996.1,18067,16876,21
NC_048213.1,NC_016995.1,14726,13231,21
NC_048213.1,NC_016994.1,18067,17087,25
NC_048213.1,NC_016993.1,14105,13176,23
NC_048213.1,NC_002306.3,14765,14793,27
NC_048213.1,NC_012936.1,14117,15295,20
NC_048213.1,NC_011550.1,16760,15977,20
NC_048213.1,NC_011549.1,18067,17224,21
NC_048213.1,NC_010800.1,25709,25839,137
NC_048213.1,NC_010646.1,15195,15199,19
NC_048213.1,NC_010438.1,23071,24304,28
NC_048213.1,NC_010437.1,23073,24412,20
NC_048213.1,NC_009988.1,14360,14425,17
NC_048213.1,NC_009657.1,23082,24003,20
NC_048213.1,NC_009021.1,15098,15683,19
NC_048213.1,NC_009020.1,17156,18478,17
NC_048213.1,NC_009019.1,14765,15955,20
NC_048213.1,NC_006577.2,18065,19293,23
NC_048213.1,NC_005831.2,12965,13017,20
NC_048213.1,NC_004718.3,14180,15209,23
NC_048213.1,NC_003436.1,14179,14418,18
NC_048213.1,NC_003045.1,14180,15143,20
NC_048213.1,NC_002645.1,18069,18193,23
NC_048213.1,NC_001846.1,18431,19654,17
NC_048213.1,NC_001451.1,24139,24133,374
NC_048213.1,KX432213.1,14180,15076,20
NC_048213.1,JX860640.1,14180,15143,20
NC_048213.1,MT121216.1,14179,15137,18
NC_048213.1,MT040336.1,14180,15256,23
NC_048213.1,NC_039208.1,18067,17108,21
NC_048213.1,bat/Yunnan/RaTG13/2013,9159,10330,18
NC_048213.1,Beijing/IVDC-01-06/2020,14180,15279,20
NC_048213.1,Beijing/IVDC-02-06/2020,14180,15279,20
NC_048213.1,env/Beijing/IVDC-03-06/2020,14180,15279,20
NC_048213.1,NC_046964.1,23643,24179,21
NC_048213.1,NC_014470.1,22896,24252,19
NC_046965.1,NC_045512.2,28511,29869,27
NC_046965.1,NC_032730.1,28510,28730,28
NC_046965.1,NC_034440.1,19866,21050,26
NC_046965.1,NC_006213.1,14049,15337,31
NC_046965.1,NC_034972.1,28510,27652,28
NC_046965.1,NC_039207.1,17590,19140,22
NC_046965.1,NC_038861.1,19872,20146,20
NC_046965.1,NC_038294.1,19395,20814,18
NC_046965.1,NC_011547.1,28378,26275,33
NC_046965.1,NC_032107.1,14287,14704,28
NC_046965.1,NC_030886.1,28510,30127,28
NC_046965.1,NC_030292.1,19172,19227,18
NC_046965.1,NC_028833.1,13513,13440,19
NC_046965.1,NC_028824.1,24542,24912,22
NC_046965.1,NC_028814.1,19788,19915,20
NC_046965.1,NC_028811.1,14432,14615,24
NC_046965.1,NC_028806.1,12937,13203,22
NC_046965.1,NC_028752.1,14060,14540,24
NC_046965.1,NC_026011.1,13533,14962,21
NC_046965.1,NC_025217.1,16133,18024,24
NC_046965.1,NC_019843.3,19395,20815,18
NC_046965.1,NC_023760.1,28511,28893,27
NC_046965.1,AC_000192.1,13863,15429,21
NC_046965.1,NC_022103.1,23395,24449,22
NC_046965.1,NC_018871.1,11725,12395,20
NC_046965.1,NC_017083.1,10294,11899,21
NC_046965.1,NC_016992.1,28378,25867,31
NC_046965.1,NC_016991.1,28378,25827,29
NC_046965.1,NC_016996.1,14040,13061,29
NC_046965.1,NC_016995.1,19408,18224,20
NC_046965.1,NC_016994.1,15753,15021,20
NC_046965.1,NC_016993.1,28378,26474,33
NC_046965.1,NC_002306.3,13638,13992,20
NC_046965.1,NC_012936.1,16489,17984,20
NC_046965.1,NC_011550.1,28378,26337,33
NC_046965.1,NC_011549.1,28378,26181,31
NC_046965.1,NC_010800.1,11989,12342,49
NC_046965.1,NC_010646.1,28509,31651,29
NC_046965.1,NC_010438.1,14373,15253,24
NC_046965.1,NC_010437.1,13854,14847,32
NC_046965.1,NC_009988.1,13230,13618,17
NC_046965.1,NC_009657.1,28512,28179,23
NC_046965.1,NC_009021.1,14886,15797,27
NC_046965.1,NC_009020.1,13635,15286,23
NC_046965.1,NC_009019.1,14055,15571,29
NC_046965.1,NC_006577.2,14886,16434,26
NC_046965.1,NC_005831.2,18013,18373,25
NC_046965.1,NC_004718.3,28378,29592,29
NC_046965.1,NC_003436.1,15660,16228,20
NC_046965.1,NC_003045.1,14049,15338,31
NC_046965.1,NC_002645.1,28511,27276,27
NC_046965.1,NC_001846.1,28511,31333,23
NC_046965.1,NC_001451.1,11989,12342,49
NC_046965.1,KX432213.1,14049,15271,31
NC_046965.1,JX860640.1,14049,15338,31
NC_046965.1,MT121216.1,14073,15357,20
NC_046965.1,MT040336.1,28378,29681,29
NC_046965.1,NC_039208.1,28378,25209,31
NC_046965.1,bat/Yunnan/RaTG13/2013,28378,29701,29
NC_046965.1,Beijing/IVDC-01-06/2020,28511,29869,27
NC_046965.1,Beijing/IVDC-02-06/2020,28511,29869,27
NC_046965.1,env/Beijing/IVDC-03-06/2020,28511,29869,27
NC_046965.1,NC_046964.1,4858,19029,16
NC_046965.1,NC_014470.1,28378,29120,29
NC_045512.2,NC_032730.1,29869,28731,31
NC_045512.2,NC_034440.1,17763,17510,35
NC_045512.2,NC_006213.1,29868,30711,29
NC_045512.2,NC_034972.1,29869,27653,28
NC_045512.2,NC_039207.1,15402,15527,23
NC_045512.2,NC_038861.1,19624,18452,22
NC_045512.2,NC_038294.1,17775,17745,23
NC_045512.2,NC_011547.1,29731,26271,26
NC_045512.2,NC_032107.1,15064,14056,22
NC_045512.2,NC_030886.1,29869,30128,32
NC_045512.2,NC_030292.1,17853,16498,19
NC_045512.2,NC_028833.1,17562,16070,21
NC_045512.2,NC_028824.1,15288,14059,20
NC_045512.2,NC_028814.1,14751,13474,21
NC_045512.2,NC_028811.1,15066,13824,22
NC_045512.2,NC_028806.1,19227,18044,21
NC_045512.2,NC_028752.1,15860,14915,21
NC_045512.2,NC_026011.1,13914,13933,23
NC_045512.2,NC_025217.1,13474,13937,31
NC_045512.2,NC_019843.3,14298,14269,20
NC_045512.2,NC_023760.1,29868,28892,34
NC_045512.2,AC_000192.1,13917,14070,20
NC_045512.2,NC_022103.1,17829,16884,20
NC_045512.2,NC_018871.1,19314,18418,24
NC_045512.2,NC_017083.1,15882,15924,21
NC_045512.2,NC_016992.1,29731,25863,26
NC_045512.2,NC_016991.1,29729,25821,28
NC_045512.2,NC_016996.1,29730,26010,27
NC_045512.2,NC_016995.1,15285,12694,24
NC_045512.2,NC_016994.1,15459,13311,17
NC_045512.2,NC_016993.1,29731,26470,26
NC_045512.2,NC_002306.3,19624,18523,19
NC_045512.2,NC_012936.1,15515,15594,24
NC_045512.2,NC_011550.1,29732,26334,25
NC_045512.2,NC_011549.1,29731,26177,26
NC_045512.2,NC_010800.1,29869,27631,25
NC_045512.2,NC_010646.1,29869,31653,32
NC_045512.2,NC_010438.1,7539,709,17
NC_045512.2,NC_010437.1,15066,14634,20
NC_045512.2,NC_009988.1,15288,14254,26
NC_045512.2,NC_009657.1,29870,28179,23
NC_045512.2,NC_009021.1,15864,15350,26
NC_045512.2,NC_009020.1,13138,13358,20
NC_045512.2,NC_009019.1,15048,15139,21
NC_045512.2,NC_006577.2,15279,15402,30
NC_045512.2,NC_005831.2,15279,14238,20
NC_045512.2,NC_004718.3,29769,29626,124
NC_045512.2,NC_003436.1,13539,12688,17
NC_045512.2,NC_003045.1,15279,15143,23
NC_045512.2,NC_002645.1,29868,27275,34
NC_045512.2,NC_001846.1,29868,31332,24
NC_045512.2,NC_001451.1,15279,14174,23
NC_045512.2,KX432213.1,15279,15076,23
NC_045512.2,JX860640.1,15279,15143,23
NC_045512.2,MT121216.1,26168,26002,162
NC_045512.2,MT040336.1,26190,26150,140
NC_045512.2,NC_039208.1,29731,25205,26
NC_045512.2,bat/Yunnan/RaTG13/2013,19095,19077,335
NC_045512.2,Beijing/IVDC-01-06/2020,14408,14408,8994
NC_045512.2,Beijing/IVDC-02-06/2020,14408,14408,8994
NC_045512.2,env/Beijing/IVDC-03-06/2020,14408,14408,8994
NC_045512.2,NC_046964.1,17766,16452,18
NC_045512.2,NC_014470.1,143,68,86
NC_032730.1,NC_034440.1,14739,15437,20
NC_032730.1,NC_006213.1,28731,30712,28
NC_032730.1,NC_034972.1,28686,27608,73
NC_032730.1,NC_039207.1,12021,13058,29
NC_032730.1,NC_038861.1,14742,14551,32
NC_032730.1,NC_038294.1,14738,15659,21
NC_032730.1,NC_011547.1,14268,13109,24
NC_032730.1,NC_032107.1,12019,11959,26
NC_032730.1,NC_030886.1,28729,30126,33
NC_032730.1,NC_030292.1,17862,17461,38
NC_032730.1,NC_028833.1,18280,17742,21
NC_032730.1,NC_028824.1,16945,16667,34
NC_032730.1,NC_028814.1,12882,12556,20
NC_032730.1,NC_028811.1,15358,15067,28
NC_032730.1,NC_028806.1,14742,14537,32
NC_032730.1,NC_028752.1,14906,14912,34
NC_032730.1,NC_026011.1,14005,14963,19
NC_032730.1,NC_025217.1,15075,16489,21
NC_032730.1,NC_019843.3,14738,15660,21
NC_032730.1,NC_023760.1,28731,28893,31
NC_032730.1,AC_000192.1,14765,15857,21
NC_032730.1,NC_022103.1,16959,16962,23
NC_032730.1,NC_018871.1,18198,18292,26
NC_032730.1,NC_017083.1,14761,15754,29
NC_032730.1,NC_016992.1,23565,21607,20
NC_032730.1,NC_016991.1,14268,13106,20
NC_032730.1,NC_016996.1,23565,21373,21
NC_032730.1,NC_016995.1,12021,10423,18
NC_032730.1,NC_016994.1,13386,12195,16
NC_032730.1,NC_016993.1,14265,13188,27
NC_032730.1,NC_002306.3,14742,14622,32
NC_032730.1,NC_012936.1,14765,15795,25
NC_032730.1,NC_011550.1,14265,13346,20
NC_032730.1,NC_011549.1,14268,13160,24
NC_032730.1,NC_010800.1,28730,27630,26
NC_032730.1,NC_010646.1,28730,31652,32
NC_032730.1,NC_010438.1,14118,14524,25
NC_032730.1,NC_010437.1,13119,13638,23
NC_032730.1,NC_009988.1,14245,14162,49
NC_032730.1,NC_009657.1,16416,16537,29
NC_032730.1,NC_009021.1,24633,24597,24
NC_032730.1,NC_009020.1,20238,21448,19
NC_032730.1,NC_009019.1,14766,15808,25
NC_032730.1,NC_006577.2,24636,26832,24
NC_032730.1,NC_005831.2,14115,14025,28
NC_032730.1,NC_004718.3,24630,25061,29
NC_032730.1,NC_003436.1,14265,14356,30
NC_032730.1,NC_003045.1,13411,14226,21
NC_032730.1,NC_002645.1,14908,14899,32
NC_032730.1,NC_001846.1,14765,15840,25
NC_032730.1,NC_001451.1,13847,13696,18
NC_032730.1,KX432213.1,13411,14159,21
NC_032730.1,JX860640.1,13411,14226,21
NC_032730.1,MT121216.1,14909,15719,21
NC_032730.1,MT040336.1,14910,15838,20
NC_032730.1,NC_039208.1,14913,13806,23
NC_032730.1,bat/Yunnan/RaTG13/2013,14909,15842,21
NC_032730.1,Beijing/IVDC-01-06/2020,28731,29869,31
NC_032730.1,Beijing/IVDC-02-06/2020,28731,29869,31
NC_032730.1,env/Beijing/IVDC-03-06/2020,28731,29869,31
NC_032730.1,NC_046964.1,18189,17829,38
NC_032730.1,NC_014470.1,16968,17745,26
NC_034440.1,NC_006213.1,17688,17801,24
NC_034440.1,NC_034972.1,15437,14532,20
NC_034440.1,NC_039207.1,15026,15404,41
NC_034440.1,NC_038861.1,15611,14722,26
NC_034440.1,NC_038294.1,13274,13500,83
NC_034440.1,NC_011547.1,17576,15713,23
NC_034440.1,NC_032107.1,15461,14706,17
NC_034440.1,NC_030886.1,13823,13694,29
NC_034440.1,NC_030292.1,15611,14506,23
NC_034440.1,NC_028833.1,17507,16268,24
NC_034440.1,NC_028824.1,17663,16690,21
NC_034440.1,NC_028814.1,24516,23561,20
NC_034440.1,NC_028811.1,15543,14554,22
NC_034440.1,NC_028806.1,15611,14708,23
NC_034440.1,NC_028752.1,15044,14352,23
NC_034440.1,NC_026011.1,14001,14261,22
NC_034440.1,NC_025217.1,14039,14755,21
NC_034440.1,NC_019843.3,13274,13501,83
NC_034440.1,NC_023760.1,15446,14518,26
NC_034440.1,AC_000192.1,14001,14395,18
NC_034440.1,NC_022103.1,13655,12957,20
NC_034440.1,NC_018871.1,24516,23922,23
NC_034440.1,NC_017083.1,16913,17205,26
NC_034440.1,NC_016992.1,18912,17127,20
NC_034440.1,NC_016991.1,15030,13170,25
NC_034440.1,NC_016996.1,13895,11762,21
NC_034440.1,NC_016995.1,15614,13273,20
NC_034440.1,NC_016994.1,15035,13143,20
NC_034440.1,NC_016993.1,15035,13260,24
NC_034440.1,NC_002306.3,21056,20217,23
NC_034440.1,NC_012936.1,10612,10974,22
NC_034440.1,NC_011550.1,15138,13518,22
NC_034440.1,NC_011549.1,15030,13224,26
NC_034440.1,NC_010800.1,21048,20178,25
NC_034440.1,NC_010646.1,12879,11914,20
NC_034440.1,NC_010438.1,15029,14737,27
NC_034440.1,NC_010437.1,13835,13653,20
NC_034440.1,NC_009988.1,11586,10859,23
NC_034440.1,NC_009657.1,15044,14467,18
NC_034440.1,NC_009021.1,14304,14043,25
NC_034440.1,NC_009020.1,13197,13676,52
NC_034440.1,NC_009019.1,15878,16222,39
NC_034440.1,NC_006577.2,14306,14682,24
NC_034440.1,NC_005831.2,13835,13044,20
NC_034440.1,NC_004718.3,19004,19208,23
NC_034440.1,NC_003436.1,15025,14418,21
NC_034440.1,NC_003045.1,17688,17802,24
NC_034440.1,NC_002645.1,15044,14337,24
NC_034440.1,NC_001846.1,10612,11019,22
NC_034440.1,NC_001451.1,14037,13188,25
NC_034440.1,KX432213.1,17688,17735,24
NC_034440.1,JX860640.1,14001,14118,22
NC_034440.1,MT121216.1,15023,15135,26
NC_034440.1,MT040336.1,14495,14725,29
NC_034440.1,NC_039208.1,15030,13228,26
NC_034440.1,bat/Yunnan/RaTG13/2013,17516,17751,29
NC_034440.1,Beijing/IVDC-01-06/2020,17510,17763,35
NC_034440.1,Beijing/IVDC-02-06/2020,17510,17763,35
NC_034440.1,env/Beijing/IVDC-03-06/2020,17510,17763,35
NC_034440.1,NC_046964.1,15029,13965,32
NC_034440.1,NC_014470.1,10226,10308,23
NC_006213.1,NC_034972.1,30712,27653,28
NC_006213.1,NC_039207.1,13957,14207,20
NC_006213.1,NC_038861.1,27518,24513,23
NC_006213.1,NC_038294.1,14935,15042,29
NC_006213.1,NC_011547.1,17227,15248,24
NC_006213.1,NC_032107.1,15079,14208,20
NC_006213.1,NC_030886.1,30712,30128,28
NC_006213.1,NC_030292.1,30710,28413,20
NC_006213.1,NC_028833.1,15073,13715,20
NC_006213.1,NC_028824.1,19039,17926,17
NC_006213.1,NC_028814.1,20178,18900,19
NC_006213.1,NC_028811.1,4124,3958,23
NC_006213.1,NC_028806.1,14794,13775,20
NC_006213.1,NC_028752.1,15348,14540,20
NC_006213.1,NC_026011.1,18901,19033,56
NC_006213.1,NC_025217.1,14920,15520,29
NC_006213.1,NC_019843.3,14935,15043,29
NC_006213.1,NC_023760.1,30710,28891,30
NC_006213.1,AC_000192.1,16690,16968,63
NC_006213.1,NC_022103.1,13103,12298,24
NC_006213.1,NC_018871.1,15073,14347,20
NC_006213.1,NC_017083.1,22700,22850,108
NC_006213.1,NC_016992.1,30712,26066,16
NC_006213.1,NC_016991.1,17203,15221,20
NC_006213.1,NC_016996.1,15148,12884,24
NC_006213.1,NC_016995.1,14346,11898,18
NC_006213.1,NC_016994.1,11050,16653,18
NC_006213.1,NC_016993.1,15334,13440,26
NC_006213.1,NC_002306.3,14920,13986,27
NC_006213.1,NC_012936.1,16666,16882,95
NC_006213.1,NC_011550.1,15723,13987,18
NC_006213.1,NC_011549.1,14909,12987,23
NC_006213.1,NC_010800.1,30712,27631,25
NC_006213.1,NC_010646.1,19129,18189,44
NC_006213.1,NC_010438.1,21259,20722,21
NC_006213.1,NC_010437.1,30709,28305,20
NC_006213.1,NC_009988.1,26735,22872,18
NC_006213.1,NC_009657.1,30713,28179,23
NC_006213.1,NC_009021.1,13958,13569,21
NC_006213.1,NC_009020.1,14926,15289,41
NC_006213.1,NC_009019.1,14938,15166,26
NC_006213.1,NC_006577.2,13795,14055,39
NC_006213.1,NC_005831.2,14222,13318,22
NC_006213.1,NC_004718.3,30711,29725,25
NC_006213.1,NC_003436.1,13097,12383,20
NC_006213.1,NC_003045.1,8520,8521,218
NC_006213.1,NC_002645.1,30710,27274,30
NC_006213.1,NC_001846.1,16666,16927,62
NC_006213.1,NC_001451.1,15142,14174,30
NC_006213.1,KX432213.1,18552,18486,207
NC_006213.1,JX860640.1,13004,13005,250
NC_006213.1,MT121216.1,14886,14882,22
NC_006213.1,MT040336.1,9176,9251,32
NC_006213.1,NC_039208.1,5211,4115,18
NC_006213.1,bat/Yunnan/RaTG13/2013,19084,19215,21
NC_006213.1,Beijing/IVDC-01-06/2020,30711,29868,29
NC_006213.1,Beijing/IVDC-02-06/2020,30711,29868,29
NC_006213.1,env/Beijing/IVDC-03-06/2020,30711,29868,29
NC_006213.1,NC_046964.1,26973,23574,23
NC_006213.1,NC_014470.1,30711,29252,23
NC_034972.1,NC_039207.1,11814,13058,29
NC_034972.1,NC_038861.1,17277,17305,24
NC_034972.1,NC_038294.1,11881,12973,21
NC_034972.1,NC_011547.1,17442,16619,20
NC_034972.1,NC_032107.1,11812,11959,26
NC_034972.1,NC_030886.1,27651,30126,30
NC_034972.1,NC_030292.1,12639,12439,23
NC_034972.1,NC_028833.1,17994,17663,28
NC_034972.1,NC_028824.1,14049,13978,29
NC_034972.1,NC_028814.1,13896,13777,20
NC_034972.1,NC_028811.1,13888,13804,46
NC_034972.1,NC_028806.1,14358,14360,23
NC_034972.1,NC_028752.1,14532,14745,29
NC_034972.1,NC_026011.1,14703,15868,20
NC_034972.1,NC_025217.1,13201,14822,23
NC_034972.1,NC_019843.3,11881,12974,21
NC_034972.1,NC_023760.1,12672,12649,29
NC_034972.1,AC_000192.1,14562,15861,20
NC_034972.1,NC_022103.1,10536,10743,24
NC_034972.1,NC_018871.1,14286,14581,26
NC_034972.1,NC_017083.1,14124,15324,26
NC_034972.1,NC_016992.1,22508,21607,20
NC_034972.1,NC_016991.1,14706,13748,17
NC_034972.1,NC_016996.1,22508,21373,20
NC_034972.1,NC_016995.1,11814,10423,18
NC_034972.1,NC_016994.1,20293,8393,16
NC_034972.1,NC_016993.1,14340,13467,17
NC_034972.1,NC_002306.3,17277,17376,24
NC_034972.1,NC_012936.1,7161,29371,17
NC_034972.1,NC_011550.1,17850,17144,25
NC_034972.1,NC_011549.1,12032,19721,17
NC_034972.1,NC_010800.1,27652,27630,26
NC_034972.1,NC_010646.1,27652,31652,29
NC_034972.1,NC_010438.1,12892,13505,31
NC_034972.1,NC_010437.1,13307,14033,27
NC_034972.1,NC_009988.1,14853,14977,29
NC_034972.1,NC_009657.1,27654,28179,23
NC_034972.1,NC_009021.1,1440,1424,19
NC_034972.1,NC_009020.1,20151,21562,19
NC_034972.1,NC_009019.1,17847,19108,20
NC_034972.1,NC_006577.2,16629,17904,18
NC_034972.1,NC_005831.2,11812,11926,26
NC_034972.1,NC_004718.3,14124,15212,27
NC_034972.1,NC_003436.1,16689,16987,23
NC_034972.1,NC_003045.1,14703,15725,23
NC_034972.1,NC_002645.1,27653,27276,28
NC_034972.1,NC_001846.1,27653,31333,23
NC_034972.1,NC_001451.1,12115,12099,18
NC_034972.1,KX432213.1,14703,15658,23
NC_034972.1,JX860640.1,14703,15725,23
NC_034972.1,MT121216.1,6571,7399,16
NC_034972.1,MT040336.1,14124,15259,26
NC_034972.1,NC_039208.1,18097,17212,19
NC_034972.1,bat/Yunnan/RaTG13/2013,13908,15048,22
NC_034972.1,Beijing/IVDC-01-06/2020,27653,29869,28
NC_034972.1,Beijing/IVDC-02-06/2020,27653,29869,28
NC_034972.1,env/Beijing/IVDC-03-06/2020,27653,29869,28
NC_034972.1,NC_046964.1,16689,16530,23
NC_034972.1,NC_014470.1,27653,29253,22
NC_039207.1,NC_038861.1,19289,18016,20
NC_039207.1,NC_038294.1,15404,15249,56
NC_039207.1,NC_011547.1,10609,8428,19
NC_039207.1,NC_032107.1,13058,11961,24
NC_039207.1,NC_030886.1,15404,14897,26
NC_039207.1,NC_030292.1,14213,12727,21
NC_039207.1,NC_028833.1,12798,11220,23
NC_039207.1,NC_028824.1,21424,20052,25
NC_039207.1,NC_028814.1,14409,13007,27
NC_039207.1,NC_028811.1,21367,19991,22
NC_039207.1,NC_028806.1,18419,17141,22
NC_039207.1,NC_028752.1,15422,14352,24
NC_039207.1,NC_026011.1,14171,14065,20
NC_039207.1,NC_025217.1,16439,16777,23
NC_039207.1,NC_019843.3,15404,15250,56
NC_039207.1,NC_023760.1,13413,12137,17
NC_039207.1,AC_000192.1,14984,15000,23
NC_039207.1,NC_022103.1,14876,13803,20
NC_039207.1,NC_018871.1,15917,14929,23
NC_039207.1,NC_017083.1,13563,13498,22
NC_039207.1,NC_016992.1,15599,13433,20
NC_039207.1,NC_016991.1,15408,13170,25
NC_039207.1,NC_016996.1,14868,2780,16
NC_039207.1,NC_016995.1,19398,16721,19
NC_039207.1,NC_016994.1,15602,13329,32
NC_039207.1,NC_016993.1,15413,13260,24
NC_039207.1,NC_002306.3,14183,12984,17
NC_039207.1,NC_012936.1,14984,14938,23
NC_039207.1,NC_011550.1,15602,13604,26
NC_039207.1,NC_011549.1,15599,13412,35
NC_039207.1,NC_010800.1,15954,14724,23
NC_039207.1,NC_010646.1,16436,15216,29
NC_039207.1,NC_010438.1,15407,14737,27
NC_039207.1,NC_010437.1,10007,9552,23
NC_039207.1,NC_009988.1,15428,14269,19
NC_039207.1,NC_009657.1,15827,14872,29
NC_039207.1,NC_009021.1,10797,10155,22
NC_039207.1,NC_009020.1,27555,27879,40
NC_039207.1,NC_009019.1,16871,16837,48
NC_039207.1,NC_006577.2,15209,15207,26
NC_039207.1,NC_005831.2,13058,11928,24
NC_039207.1,NC_004718.3,11980,11788,20
NC_039207.1,NC_003436.1,13925,12937,20
NC_039207.1,NC_003045.1,14175,13926,23
NC_039207.1,NC_002645.1,15422,14337,23
NC_039207.1,NC_001846.1,14980,14979,27
NC_039207.1,NC_001451.1,15626,14396,27
NC_039207.1,KX432213.1,14175,13859,23
NC_039207.1,JX860640.1,14175,13926,23
NC_039207.1,MT121216.1,19574,19326,27
NC_039207.1,MT040336.1,15821,15673,28
NC_039207.1,NC_039208.1,15599,13416,35
NC_039207.1,bat/Yunnan/RaTG13/2013,15824,15681,25
NC_039207.1,Beijing/IVDC-01-06/2020,15527,15402,23
NC_039207.1,Beijing/IVDC-02-06/2020,15527,15402,23
NC_039207.1,env/Beijing/IVDC-03-06/2020,15527,15402,23
NC_039207.1,NC_046964.1,15407,13965,32
NC_039207.1,NC_014470.1,10604,10308,23
NC_038861.1,NC_038294.1,18016,19134,21
NC_038861.1,NC_011547.1,14077,13109,24
NC_038861.1,NC_032107.1,14311,14445,30
NC_038861.1,NC_030886.1,20074,20885,21
NC_038861.1,NC_030292.1,14710,14494,35
NC_038861.1,NC_028833.1,14308,13955,29
NC_038861.1,NC_028824.1,12101,12020,29
NC_038861.1,NC_028814.1,14069,13934,25
NC_038861.1,NC_028811.1,14146,14046,27
NC_038861.1,NC_028806.1,20131,20117,215
NC_038861.1,NC_028752.1,12997,13194,27
NC_038861.1,NC_026011.1,24513,27667,23
NC_038861.1,NC_025217.1,16228,17830,23
NC_038861.1,NC_019843.3,18016,19135,21
NC_038861.1,NC_023760.1,19090,19045,35
NC_038861.1,AC_000192.1,19897,21291,20
NC_038861.1,NC_022103.1,18688,18876,26
NC_038861.1,NC_018871.1,14308,14587,29
NC_038861.1,NC_017083.1,24513,27695,23
NC_038861.1,NC_016992.1,13150,12260,20
NC_038861.1,NC_016991.1,23346,21571,26
NC_038861.1,NC_016996.1,6608,5322,21
NC_038861.1,NC_016995.1,14725,13273,20
NC_038861.1,NC_016994.1,23979,22268,17
NC_038861.1,NC_016993.1,14069,13183,32
NC_038861.1,NC_002306.3,13300,13371,167
NC_038861.1,NC_012936.1,13789,15010,23
NC_038861.1,NC_011550.1,14071,13343,23
NC_038861.1,NC_011549.1,14077,13160,24
NC_038861.1,NC_010800.1,13525,13565,32
NC_038861.1,NC_010646.1,14146,14193,20
NC_038861.1,NC_010438.1,13217,13814,23
NC_038861.1,NC_010437.1,24519,25015,21
NC_038861.1,NC_009988.1,12098,12212,32
NC_038861.1,NC_009657.1,18136,18442,31
NC_038861.1,NC_009021.1,14686,15314,20
NC_038861.1,NC_009020.1,26547,28486,23
NC_038861.1,NC_009019.1,20137,21385,29
NC_038861.1,NC_006577.2,13212,14477,27
NC_038861.1,NC_005831.2,12344,12445,37
NC_038861.1,NC_004718.3,17702,18783,23
NC_038861.1,NC_003436.1,14074,14356,32
NC_038861.1,NC_003045.1,24513,27546,23
NC_038861.1,NC_002645.1,14137,14319,29
NC_038861.1,NC_001846.1,26497,29256,19
NC_038861.1,NC_001451.1,13531,13571,26
NC_038861.1,KX432213.1,19596,20661,27
NC_038861.1,JX860640.1,24513,27546,23
NC_038861.1,MT121216.1,17702,18712,25
NC_038861.1,MT040336.1,17702,18830,23
NC_038861.1,NC_039208.1,12101,11188,18
NC_038861.1,bat/Yunnan/RaTG13/2013,18452,19606,22
NC_038861.1,Beijing/IVDC-01-06/2020,18452,19624,22
NC_038861.1,Beijing/IVDC-02-06/2020,18452,19624,22
NC_038861.1,env/Beijing/IVDC-03-06/2020,18452,19624,22
NC_038861.1,NC_046964.1,18037,17856,30
NC_038861.1,NC_014470.1,14548,15519,21
NC_038294.1,NC_011547.1,10457,8428,23
NC_038294.1,NC_032107.1,15666,14688,26
NC_038294.1,NC_030886.1,15243,14891,32
NC_038294.1,NC_030292.1,19573,18227,23
NC_038294.1,NC_028833.1,12649,11223,22
NC_038294.1,NC_028824.1,11807,10659,25
NC_038294.1,NC_028814.1,15766,14519,19
NC_038294.1,NC_028811.1,15174,13962,17
NC_038294.1,NC_028806.1,17878,16755,19
NC_038294.1,NC_028752.1,15267,14352,24
NC_038294.1,NC_026011.1,14055,14104,20
NC_038294.1,NC_025217.1,12967,13469,26
NC_038294.1,NC_019843.3,20847,20848,1911
NC_038294.1,NC_023760.1,14262,13111,20
NC_038294.1,AC_000192.1,15042,15213,26
NC_038294.1,NC_022103.1,13878,12957,20
NC_038294.1,NC_018871.1,15771,14938,21
NC_038294.1,NC_017083.1,14739,14811,23
NC_038294.1,NC_016992.1,13207,11226,17
NC_038294.1,NC_016991.1,15253,13170,25
NC_038294.1,NC_016996.1,17148,14768,26
NC_038294.1,NC_016995.1,2710,14221,15
NC_038294.1,NC_016994.1,15258,13143,20
NC_038294.1,NC_016993.1,15258,13260,24
NC_038294.1,NC_002306.3,9859,8863,19
NC_038294.1,NC_012936.1,15042,15151,29
NC_038294.1,NC_011550.1,9862,8076,17
NC_038294.1,NC_011549.1,15253,13224,26
NC_038294.1,NC_010800.1,18726,17642,20
NC_038294.1,NC_010646.1,13105,11914,20
NC_038294.1,NC_010438.1,15252,14737,27
NC_038294.1,NC_010437.1,19725,19302,30
NC_038294.1,NC_009988.1,14031,13024,20
NC_038294.1,NC_009657.1,11104,10394,20
NC_038294.1,NC_009021.1,14055,13571,21
NC_038294.1,NC_009020.1,13423,13676,50
NC_038294.1,NC_009019.1,29977,30148,44
NC_038294.1,NC_006577.2,15054,15207,26
NC_038294.1,NC_005831.2,19263,18240,21
NC_038294.1,NC_004718.3,14682,14642,20
NC_038294.1,NC_003436.1,865,635,25
NC_038294.1,NC_003045.1,15042,14936,29
NC_038294.1,NC_002645.1,15267,14337,23
NC_038294.1,NC_001846.1,15042,15196,26
NC_038294.1,NC_001451.1,15248,14173,18
NC_038294.1,KX432213.1,15042,14869,29
NC_038294.1,JX860640.1,15042,14936,29
NC_038294.1,MT121216.1,15246,15135,26
NC_038294.1,MT040336.1,10452,10456,23
NC_038294.1,NC_039208.1,15253,13228,26
NC_038294.1,bat/Yunnan/RaTG13/2013,15246,15258,26
NC_038294.1,Beijing/IVDC-01-06/2020,17745,17775,23
NC_038294.1,Beijing/IVDC-02-06/2020,17745,17775,23
NC_038294.1,env/Beijing/IVDC-03-06/2020,17745,17775,23
NC_038294.1,NC_046964.1,15252,13965,32
NC_038294.1,NC_014470.1,10452,10308,23
NC_011547.1,NC_032107.1,11991,13075,20
NC_011547.1,NC_030886.1,26469,30127,17
NC_011547.1,NC_030292.1,13173,13925,25
NC_011547.1,NC_028833.1,13106,13721,20
NC_011547.1,NC_028824.1,14513,15400,27
NC_011547.1,NC_028814.1,21706,23177,20
NC_011547.1,NC_028811.1,18158,18966,19
NC_011547.1,NC_028806.1,13109,14063,24
NC_011547.1,NC_028752.1,15302,16479,21
NC_011547.1,NC_026011.1,13754,15874,24
NC_011547.1,NC_025217.1,6654,9188,17
NC_011547.1,NC_019843.3,8428,10458,23
NC_011547.1,NC_023760.1,14516,15451,24
NC_011547.1,AC_000192.1,12149,14394,26
NC_011547.1,NC_022103.1,17175,18208,19
NC_011547.1,NC_018871.1,13106,14353,23
NC_011547.1,NC_017083.1,13364,15519,26
NC_011547.1,NC_016992.1,26157,25749,53
NC_011547.1,NC_016991.1,45,39,49
NC_011547.1,NC_016996.1,10239,9948,36
NC_011547.1,NC_016995.1,13283,12802,30
NC_011547.1,NC_016994.1,12449,12411,29
NC_011547.1,NC_016993.1,26156,26355,67
NC_011547.1,NC_002306.3,21529,23432,24
NC_011547.1,NC_012936.1,12149,14332,26
NC_011547.1,NC_011550.1,26156,26218,67
NC_011547.1,NC_011549.1,15071,15122,65
NC_011547.1,NC_010800.1,26275,27504,34
NC_011547.1,NC_010646.1,15248,16272,25
NC_011547.1,NC_010438.1,11135,12703,16
NC_011547.1,NC_010437.1,15709,17396,21
NC_011547.1,NC_009988.1,13109,14185,24
NC_011547.1,NC_009657.1,21232,23139,22
NC_011547.1,NC_009021.1,22126,24087,17
NC_011547.1,NC_009020.1,13173,15509,25
NC_011547.1,NC_009019.1,15710,17917,23
NC_011547.1,NC_006577.2,17174,19296,23
NC_011547.1,NC_005831.2,13103,14172,21
NC_011547.1,NC_004718.3,26272,29589,32
NC_011547.1,NC_003436.1,13109,14359,24
NC_011547.1,NC_003045.1,15248,17228,24
NC_011547.1,NC_002645.1,17175,18193,19
NC_011547.1,NC_001846.1,12149,14377,26
NC_011547.1,NC_001451.1,26275,27479,32
NC_011547.1,KX432213.1,15248,17161,24
NC_011547.1,JX860640.1,15248,17228,24
NC_011547.1,MT121216.1,12266,14229,21
NC_011547.1,MT040336.1,26271,29677,33
NC_011547.1,NC_039208.1,17630,17565,47
NC_011547.1,bat/Yunnan/RaTG13/2013,26271,29697,33
NC_011547.1,Beijing/IVDC-01-06/2020,26271,29731,26
NC_011547.1,Beijing/IVDC-02-06/2020,26271,29731,26
NC_011547.1,env/Beijing/IVDC-03-06/2020,26271,29731,26
NC_011547.1,NC_046964.1,21715,23207,17
NC_011547.1,NC_014470.1,26271,29116,33
NC_032107.1,NC_030886.1,14788,15414,19
NC_032107.1,NC_030292.1,12232,11876,23
NC_032107.1,NC_028833.1,12478,11991,37
NC_032107.1,NC_028824.1,12474,12253,41
NC_032107.1,NC_028814.1,12462,12193,34
NC_032107.1,NC_028811.1,18013,17779,34
NC_032107.1,NC_028806.1,13458,13310,30
NC_032107.1,NC_028752.1,13127,13190,40
NC_032107.1,NC_026011.1,13353,14368,22
NC_032107.1,NC_025217.1,16894,18362,28
NC_032107.1,NC_019843.3,14688,15667,26
NC_032107.1,NC_023760.1,18153,17977,29
NC_032107.1,AC_000192.1,14859,16008,23
NC_032107.1,NC_022103.1,12462,12522,56
NC_032107.1,NC_018871.1,12462,12607,34
NC_032107.1,NC_017083.1,13137,14202,21
NC_032107.1,NC_016992.1,13075,12063,20
NC_032107.1,NC_016991.1,14502,13394,18
NC_032107.1,NC_016996.1,23309,21394,20
NC_032107.1,NC_016995.1,23844,21640,19
NC_032107.1,NC_016994.1,23840,22193,21
NC_032107.1,NC_016993.1,23608,21964,21
NC_032107.1,NC_002306.3,13131,13068,26
NC_032107.1,NC_012936.1,14859,15946,23
NC_032107.1,NC_011550.1,23315,21649,20
NC_032107.1,NC_011549.1,12239,11182,20
NC_032107.1,NC_010800.1,13074,12983,21
NC_032107.1,NC_010646.1,23465,23662,18
NC_032107.1,NC_010438.1,12478,12941,37
NC_032107.1,NC_010437.1,12461,13037,54
NC_032107.1,NC_009988.1,12474,12448,41
NC_032107.1,NC_009657.1,7138,7316,32
NC_032107.1,NC_009021.1,6802,7062,26
NC_032107.1,NC_009020.1,14694,15928,17
NC_032107.1,NC_009019.1,13950,15049,18
NC_032107.1,NC_006577.2,12232,13354,23
NC_032107.1,NC_005831.2,12807,12774,47
NC_032107.1,NC_004718.3,14056,14994,22
NC_032107.1,NC_003436.1,12478,12626,37
NC_032107.1,NC_003045.1,13137,14024,21
NC_032107.1,NC_002645.1,8138,8189,40
NC_032107.1,NC_001846.1,14859,15991,23
NC_032107.1,NC_001451.1,14715,14618,20
NC_032107.1,KX432213.1,13137,13957,21
NC_032107.1,JX860640.1,13137,14024,21
NC_032107.1,MT121216.1,16223,17087,18
NC_032107.1,MT040336.1,14056,15041,22
NC_032107.1,NC_039208.1,23310,21471,31
NC_032107.1,bat/Yunnan/RaTG13/2013,14056,15046,22
NC_032107.1,Beijing/IVDC-01-06/2020,14056,15064,22
NC_032107.1,Beijing/IVDC-02-06/2020,14056,15064,22
NC_032107.1,env/Beijing/IVDC-03-06/2020,14056,15064,22
NC_032107.1,NC_046964.1,5,35,30
NC_032107.1,NC_014470.1,14289,15126,18
NC_030886.1,NC_030292.1,10014,9065,22
NC_030886.1,NC_028833.1,17546,16436,20
NC_030886.1,NC_028824.1,17377,16533,21
NC_030886.1,NC_028814.1,19397,18454,20
NC_030886.1,NC_028811.1,13982,13122,19
NC_030886.1,NC_028806.1,20885,20060,21
NC_030886.1,NC_028752.1,16985,16425,17
NC_030886.1,NC_026011.1,15133,15522,24
NC_030886.1,NC_025217.1,10183,13626,18
NC_030886.1,NC_019843.3,14891,15244,32
NC_030886.1,NC_023760.1,30128,28893,32
NC_030886.1,AC_000192.1,18802,19298,25
NC_030886.1,NC_022103.1,12750,12208,26
NC_030886.1,NC_018871.1,14416,13935,19
NC_030886.1,NC_017083.1,20285,20775,25
NC_030886.1,NC_016992.1,30127,26065,17
NC_030886.1,NC_016991.1,14901,13170,22
NC_030886.1,NC_016996.1,16796,14768,17
NC_030886.1,NC_016995.1,16922,14701,17
NC_030886.1,NC_016994.1,14906,13143,17
NC_030886.1,NC_016993.1,8369,6741,18
NC_030886.1,NC_002306.3,20884,20144,22
NC_030886.1,NC_012936.1,18802,19242,25
NC_030886.1,NC_011550.1,8370,6900,18
NC_030886.1,NC_011549.1,14901,13224,22
NC_030886.1,NC_010800.1,30127,27630,26
NC_030886.1,NC_010646.1,30127,31652,33
NC_030886.1,NC_010438.1,14900,14737,23
NC_030886.1,NC_010437.1,13982,13932,19
NC_030886.1,NC_009988.1,9702,9146,20
NC_030886.1,NC_009657.1,30129,28179,23
NC_030886.1,NC_009021.1,20274,20127,34
NC_030886.1,NC_009020.1,17045,17653,32
NC_030886.1,NC_009019.1,13694,14167,29
NC_030886.1,NC_006577.2,13703,14220,20
NC_030886.1,NC_005831.2,17039,16383,21
NC_030886.1,NC_004718.3,30128,29726,24
NC_030886.1,NC_003436.1,15491,15013,22
NC_030886.1,NC_003045.1,13982,14228,23
NC_030886.1,NC_002645.1,30128,27276,32
NC_030886.1,NC_001846.1,30128,31333,23
NC_030886.1,NC_001451.1,20408,19637,27
NC_030886.1,KX432213.1,13982,14161,23
NC_030886.1,JX860640.1,13982,14228,23
NC_030886.1,MT121216.1,14072,14313,26
NC_030886.1,MT040336.1,14834,15193,21
NC_030886.1,NC_039208.1,14901,13228,22
NC_030886.1,bat/Yunnan/RaTG13/2013,14894,15258,26
NC_030886.1,Beijing/IVDC-01-06/2020,30128,29869,32
NC_030886.1,Beijing/IVDC-02-06/2020,30128,29869,32
NC_030886.1,env/Beijing/IVDC-03-06/2020,30128,29869,32
NC_030886.1,NC_046964.1,18898,17930,24
NC_030886.1,NC_014470.1,30128,29253,22
NC_030292.1,NC_028833.1,12112,11975,20
NC_030292.1,NC_028824.1,11876,12011,23
NC_030292.1,NC_028814.1,11351,11444,26
NC_030292.1,NC_028811.1,24222,24221,28
NC_030292.1,NC_028806.1,14494,14696,38
NC_030292.1,NC_028752.1,17908,18321,23
NC_030292.1,NC_026011.1,10517,11858,18
NC_030292.1,NC_025217.1,14506,16327,20
NC_030292.1,NC_019843.3,18227,19574,31
NC_030292.1,NC_023760.1,28193,28671,84
NC_030292.1,AC_000192.1,25837,29429,19
NC_030292.1,NC_022103.1,13840,14250,26
NC_030292.1,NC_018871.1,18871,19363,22
NC_030292.1,NC_017083.1,14344,15744,23
NC_030292.1,NC_016992.1,13925,13245,29
NC_030292.1,NC_016991.1,13702,12947,28
NC_030292.1,NC_016996.1,23093,21379,17
NC_030292.1,NC_016995.1,14509,13273,23
NC_030292.1,NC_016994.1,23210,21761,20
NC_030292.1,NC_016993.1,11885,11215,17
NC_030292.1,NC_002306.3,14875,15162,41
NC_030292.1,NC_012936.1,25837,29189,19
NC_030292.1,NC_011550.1,13930,13418,21
NC_030292.1,NC_011549.1,6395,5667,21
NC_030292.1,NC_010800.1,17482,17732,23
NC_030292.1,NC_010646.1,12442,12708,29
NC_030292.1,NC_010438.1,13918,14731,23
NC_030292.1,NC_010437.1,12721,13647,26
NC_030292.1,NC_009988.1,28406,27139,25
NC_030292.1,NC_009657.1,13957,14485,21
NC_030292.1,NC_009021.1,16457,17298,25
NC_030292.1,NC_009020.1,13924,15508,32
NC_030292.1,NC_009019.1,14506,15955,23
NC_030292.1,NC_006577.2,11876,13354,29
NC_030292.1,NC_005831.2,12141,12458,24
NC_030292.1,NC_004718.3,16239,17524,22
NC_030292.1,NC_003436.1,14356,14854,26
NC_030292.1,NC_003045.1,18862,20216,18
NC_030292.1,NC_002645.1,9331,9789,28
NC_030292.1,NC_001846.1,28413,31331,20
NC_030292.1,NC_001451.1,14469,14722,24
NC_030292.1,KX432213.1,14915,2855,16
NC_030292.1,JX860640.1,18862,20216,18
NC_030292.1,MT121216.1,16497,17711,20
NC_030292.1,MT040336.1,15142,16477,19
NC_030292.1,NC_039208.1,16063,15354,17
NC_030292.1,bat/Yunnan/RaTG13/2013,16498,17835,19
NC_030292.1,Beijing/IVDC-01-06/2020,16498,17853,19
NC_030292.1,Beijing/IVDC-02-06/2020,16498,17853,19
NC_030292.1,env/Beijing/IVDC-03-06/2020,16498,17853,19
NC_030292.1,NC_046964.1,18235,18273,26
NC_030292.1,NC_014470.1,14575,15762,20
NC_028833.1,NC_028824.1,17678,17944,41
NC_028833.1,NC_028814.1,25268,25511,34
NC_028833.1,NC_028811.1,13997,14250,26
NC_028833.1,NC_028806.1,13955,14294,29
NC_028833.1,NC_028752.1,17248,17798,28
NC_028833.1,NC_026011.1,16946,18451,23
NC_028833.1,NC_025217.1,11602,13536,19
NC_028833.1,NC_019843.3,11223,12650,22
NC_028833.1,NC_023760.1,13394,13708,29
NC_028833.1,AC_000192.1,11757,13384,17
NC_028833.1,NC_022103.1,11991,12538,37
NC_028833.1,NC_018871.1,13775,14407,38
NC_028833.1,NC_017083.1,11757,13285,17
NC_028833.1,NC_016992.1,11971,11410,19
NC_028833.1,NC_016991.1,13721,13103,20
NC_028833.1,NC_016996.1,13721,12815,29
NC_028833.1,NC_016995.1,11614,5829,16
NC_028833.1,NC_016994.1,14217,13564,18
NC_028833.1,NC_016993.1,11971,11420,19
NC_028833.1,NC_002306.3,15611,16035,33
NC_028833.1,NC_012936.1,11672,13237,18
NC_028833.1,NC_011550.1,13724,13349,20
NC_028833.1,NC_011549.1,13721,13157,20
NC_028833.1,NC_010800.1,13629,14019,18
NC_028833.1,NC_010646.1,23922,24655,23
NC_028833.1,NC_010438.1,11990,12940,39
NC_028833.1,NC_010437.1,11991,13054,38
NC_028833.1,NC_009988.1,17678,18139,41
NC_028833.1,NC_009657.1,11990,12655,31
NC_028833.1,NC_009021.1,13712,14693,20
NC_028833.1,NC_009020.1,17658,19391,20
NC_028833.1,NC_009019.1,13718,15304,23
NC_028833.1,NC_006577.2,13715,15333,26
NC_028833.1,NC_005831.2,8511,8956,32
NC_028833.1,NC_004718.3,16070,17492,21
NC_028833.1,NC_003436.1,11972,12607,57
NC_028833.1,NC_003045.1,3699,4125,17
NC_028833.1,NC_002645.1,16094,16629,33
NC_028833.1,NC_001846.1,25988,30104,19
NC_028833.1,NC_001451.1,14225,14615,20
NC_028833.1,KX432213.1,3699,4058,17
NC_028833.1,JX860640.1,3699,4125,17
NC_028833.1,MT121216.1,11672,12999,20
NC_028833.1,MT040336.1,11673,13118,19
NC_028833.1,NC_039208.1,11971,11393,19
NC_028833.1,bat/Yunnan/RaTG13/2013,16070,17544,21
NC_028833.1,Beijing/IVDC-01-06/2020,16070,17562,21
NC_028833.1,Beijing/IVDC-02-06/2020,16070,17562,21
NC_028833.1,env/Beijing/IVDC-03-06/2020,16070,17562,21
NC_028833.1,NC_046964.1,25278,25646,64
NC_028833.1,NC_014470.1,11417,12714,20
NC_028824.1,NC_028814.1,18739,18691,32
NC_028824.1,NC_028811.1,5053,5019,27
NC_028824.1,NC_028806.1,13923,13996,26
NC_028824.1,NC_028752.1,16129,16413,36
NC_028824.1,NC_026011.1,20047,21391,21
NC_028824.1,NC_025217.1,17494,19204,21
NC_028824.1,NC_019843.3,10659,11808,25
NC_028824.1,NC_023760.1,11132,11165,26
NC_028824.1,AC_000192.1,16693,18057,17
NC_028824.1,NC_022103.1,12253,12534,41
NC_028824.1,NC_018871.1,14464,14830,32
NC_028824.1,NC_017083.1,3951,4166,19
NC_028824.1,NC_016992.1,16627,15809,17
NC_028824.1,NC_016991.1,15400,14510,20
NC_028824.1,NC_016996.1,14257,13082,26
NC_028824.1,NC_016995.1,14059,12697,20
NC_028824.1,NC_016994.1,14632,13713,30
NC_028824.1,NC_016993.1,16191,15380,21
NC_028824.1,NC_002306.3,13924,14082,25
NC_028824.1,NC_012936.1,19570,20992,26
NC_028824.1,NC_011550.1,14230,13586,17
NC_028824.1,NC_011549.1,12018,11182,20
NC_028824.1,NC_010800.1,13429,13556,17
NC_028824.1,NC_010646.1,13441,13575,18
NC_028824.1,NC_010438.1,12257,12941,52
NC_028824.1,NC_010437.1,12253,13050,50
NC_028824.1,NC_009988.1,17377,17572,305
NC_028824.1,NC_009657.1,26862,28079,34
NC_028824.1,NC_009021.1,14574,15289,19
NC_028824.1,NC_009020.1,18046,19513,26
NC_028824.1,NC_009019.1,12859,14182,17
NC_028824.1,NC_006577.2,12011,13354,23
NC_028824.1,NC_005831.2,15304,15492,25
NC_028824.1,NC_004718.3,14257,15416,23
NC_028824.1,NC_003436.1,12257,12626,43
NC_028824.1,NC_003045.1,17926,19040,17
NC_028824.1,NC_002645.1,14583,14852,28
NC_028824.1,NC_001846.1,12017,13361,20
NC_028824.1,NC_001451.1,13915,14039,18
NC_028824.1,KX432213.1,17926,18973,17
NC_028824.1,JX860640.1,17926,19040,17
NC_028824.1,MT121216.1,19513,20652,20
NC_028824.1,MT040336.1,19330,20584,17
NC_028824.1,NC_039208.1,12018,11186,20
NC_028824.1,bat/Yunnan/RaTG13/2013,9322,10437,18
NC_028824.1,Beijing/IVDC-01-06/2020,14059,15288,20
NC_028824.1,Beijing/IVDC-02-06/2020,14059,15288,20
NC_028824.1,env/Beijing/IVDC-03-06/2020,14059,15288,20
NC_028824.1,NC_046964.1,11647,11559,30
NC_028824.1,NC_014470.1,18505,19602,17
NC_028814.1,NC_028811.1,12394,12429,30
NC_028814.1,NC_028806.1,13934,14055,25
NC_028814.1,NC_028752.1,9398,9730,32
NC_028814.1,NC_026011.1,11069,12338,18
NC_028814.1,NC_025217.1,13471,15211,20
NC_028814.1,NC_019843.3,14519,15767,19
NC_028814.1,NC_023760.1,9399,9435,21
NC_028814.1,AC_000192.1,19456,20994,21
NC_028814.1,NC_022103.1,12192,12521,35
NC_028814.1,NC_018871.1,12190,12604,50
NC_028814.1,NC_017083.1,19456,20901,21
NC_028814.1,NC_016992.1,23559,22163,19
NC_028814.1,NC_016991.1,16492,15650,18
NC_028814.1,NC_016996.1,13942,12818,24
NC_028814.1,NC_016995.1,14230,12913,20
NC_028814.1,NC_016994.1,23553,22191,19
NC_028814.1,NC_016993.1,13933,13182,26
NC_028814.1,NC_002306.3,13934,14140,25
NC_028814.1,NC_012936.1,19456,20938,21
NC_028814.1,NC_011550.1,13936,13343,26
NC_028814.1,NC_011549.1,16150,15356,18
NC_028814.1,NC_010800.1,15802,15971,20
NC_028814.1,NC_010646.1,8948,8878,18
NC_028814.1,NC_010438.1,25512,26308,34
NC_028814.1,NC_010437.1,12193,13038,34
NC_028814.1,NC_009988.1,12228,12471,24
NC_028814.1,NC_009657.1,12880,13327,29
NC_028814.1,NC_009021.1,14526,15289,19
NC_028814.1,NC_009020.1,16501,18001,18
NC_028814.1,NC_009019.1,12775,14146,26
NC_028814.1,NC_006577.2,13942,15342,17
NC_028814.1,NC_005831.2,14152,14388,35
NC_028814.1,NC_004718.3,13474,14681,21
NC_028814.1,NC_003436.1,10489,10909,27
NC_028814.1,NC_003045.1,18900,20176,19
NC_028814.1,NC_002645.1,9398,9715,32
NC_028814.1,NC_001846.1,19456,20983,21
NC_028814.1,NC_001451.1,12781,12959,23
NC_028814.1,KX432213.1,18900,20109,19
NC_028814.1,JX860640.1,18900,20176,19
NC_028814.1,MT121216.1,13474,14610,17
NC_028814.1,MT040336.1,17995,19282,17
NC_028814.1,NC_039208.1,23178,21624,19
NC_028814.1,bat/Yunnan/RaTG13/2013,13474,14733,21
NC_028814.1,Beijing/IVDC-01-06/2020,13474,14751,21
NC_028814.1,Beijing/IVDC-02-06/2020,13474,14751,21
NC_028814.1,env/Beijing/IVDC-03-06/2020,13474,14751,21
NC_028814.1,NC_046964.1,9224,9187,26
NC_028814.1,NC_014470.1,14659,15765,18
NC_028811.1,NC_028806.1,14046,14132,27
NC_028811.1,NC_028752.1,27824,27281,38
NC_028811.1,NC_026011.1,19034,20382,21
NC_028811.1,NC_025217.1,14262,15967,17
NC_028811.1,NC_019843.3,13962,15175,17
NC_028811.1,NC_023760.1,15914,15975,27
NC_028811.1,AC_000192.1,17480,18863,21
NC_028811.1,NC_022103.1,13497,13791,35
NC_028811.1,NC_018871.1,10675,11051,35
NC_028811.1,NC_017083.1,10664,11912,19
NC_028811.1,NC_016992.1,23176,21676,17
NC_028811.1,NC_016991.1,13724,5099,16
NC_028811.1,NC_016996.1,16526,15361,19
NC_028811.1,NC_016995.1,4350,15894,18
NC_028811.1,NC_016994.1,13986,13083,17
NC_028811.1,NC_016993.1,13986,13200,17
NC_028811.1,NC_002306.3,14046,14217,27
NC_028811.1,NC_012936.1,14037,15358,29
NC_028811.1,NC_011550.1,6224,25478,14
NC_028811.1,NC_011549.1,24259,22819,20
NC_028811.1,NC_010800.1,13974,14111,23
NC_028811.1,NC_010646.1,12813,12963,24
NC_028811.1,NC_010438.1,15240,15937,35
NC_028811.1,NC_010437.1,17649,18456,33
NC_028811.1,NC_009988.1,5019,5248,21
NC_028811.1,NC_009657.1,15840,16252,35
NC_028811.1,NC_009021.1,14040,14768,20
NC_028811.1,NC_009020.1,15130,16598,17
NC_028811.1,NC_009019.1,12028,13328,17
NC_028811.1,NC_006577.2,16536,17895,23
NC_028811.1,NC_005831.2,10520,10721,29
NC_028811.1,NC_004718.3,13824,14996,22
NC_028811.1,NC_003436.1,18022,18401,31
NC_028811.1,NC_003045.1,3958,4125,20
NC_028811.1,NC_002645.1,16341,16623,32
NC_028811.1,NC_001846.1,10664,11994,20
NC_028811.1,NC_001451.1,13974,14111,23
NC_028811.1,KX432213.1,3958,4058,20
NC_028811.1,JX860640.1,3958,4125,20
NC_028811.1,MT121216.1,19352,20486,22
NC_028811.1,MT040336.1,14025,15244,26
NC_028811.1,NC_039208.1,24217,22559,17
NC_028811.1,bat/Yunnan/RaTG13/2013,13824,15048,22
NC_028811.1,Beijing/IVDC-01-06/2020,13824,15066,22
NC_028811.1,Beijing/IVDC-02-06/2020,13824,15066,22
NC_028811.1,env/Beijing/IVDC-03-06/2020,13824,15066,22
NC_028811.1,NC_046964.1,16683,16608,29
NC_028811.1,NC_014470.1,16660,17728,22
NC_028806.1,NC_028752.1,12983,13194,27
NC_028806.1,NC_026011.1,12989,14167,20
NC_028806.1,NC_025217.1,16214,17830,23
NC_028806.1,NC_019843.3,16755,17879,19
NC_028806.1,NC_023760.1,12514,12489,32
NC_028806.1,AC_000192.1,13775,15072,23
NC_028806.1,NC_022103.1,18674,18876,26
NC_028806.1,NC_018871.1,13206,13499,31
NC_028806.1,NC_017083.1,12989,14202,21
NC_028806.1,NC_016992.1,13136,12260,20
NC_028806.1,NC_016991.1,14063,13106,20
NC_028806.1,NC_016996.1,6594,5322,20
NC_028806.1,NC_016995.1,14711,13273,24
NC_028806.1,NC_016994.1,12312,11299,16
NC_028806.1,NC_016993.1,14055,13183,32
NC_028806.1,NC_002306.3,19219,19304,150
NC_028806.1,NC_012936.1,12989,14239,20
NC_028806.1,NC_011550.1,14057,13343,23
NC_028806.1,NC_011549.1,14063,13160,24
NC_028806.1,NC_010800.1,12693,12738,28
NC_028806.1,NC_010646.1,14132,14193,20
NC_028806.1,NC_010438.1,16211,16822,21
NC_028806.1,NC_010437.1,16445,17169,21
NC_028806.1,NC_009988.1,14060,14182,29
NC_028806.1,NC_009657.1,12986,13312,23
NC_028806.1,NC_009021.1,16619,17258,20
NC_028806.1,NC_009020.1,16755,18134,19
NC_028806.1,NC_009019.1,20123,21385,29
NC_028806.1,NC_006577.2,18041,19335,26
NC_028806.1,NC_005831.2,12330,12445,37
NC_028806.1,NC_004718.3,17688,18783,23
NC_028806.1,NC_003436.1,22442,22728,77
NC_028806.1,NC_003045.1,12989,14024,21
NC_028806.1,NC_002645.1,14123,14319,29
NC_028806.1,NC_001846.1,13775,15055,20
NC_028806.1,NC_001451.1,12698,12743,23
NC_028806.1,KX432213.1,19582,20661,27
NC_028806.1,JX860640.1,12989,14024,21
NC_028806.1,MT121216.1,17688,18712,25
NC_028806.1,MT040336.1,17688,18830,23
NC_028806.1,NC_039208.1,12087,11188,18
NC_028806.1,bat/Yunnan/RaTG13/2013,18044,19209,21
NC_028806.1,Beijing/IVDC-01-06/2020,18044,19227,21
NC_028806.1,Beijing/IVDC-02-06/2020,18044,19227,21
NC_028806.1,env/Beijing/IVDC-03-06/2020,18044,19227,21
NC_028806.1,NC_046964.1,16208,16047,26
NC_028806.1,NC_014470.1,14534,15519,21
NC_028752.1,NC_026011.1,19527,20575,23
NC_028752.1,NC_025217.1,14748,16156,17
NC_028752.1,NC_019843.3,14352,15268,24
NC_028752.1,NC_023760.1,14520,14284,28
NC_028752.1,AC_000192.1,16833,17913,23
NC_028752.1,NC_022103.1,13251,13248,30
NC_028752.1,NC_018871.1,13212,13294,32
NC_028752.1,NC_017083.1,12316,13294,21
NC_028752.1,NC_016992.1,12970,11895,17
NC_028752.1,NC_016991.1,13347,12185,19
NC_028752.1,NC_016996.1,21389,20018,19
NC_028752.1,NC_016995.1,25568,15203,22
NC_028752.1,NC_016994.1,22756,21641,21
NC_028752.1,NC_016993.1,23908,22793,17
NC_028752.1,NC_002306.3,13194,13068,26
NC_028752.1,NC_012936.1,19527,20647,23
NC_028752.1,NC_011550.1,16475,15538,21
NC_028752.1,NC_011549.1,16823,15703,19
NC_028752.1,NC_010800.1,13116,12962,17
NC_028752.1,NC_010646.1,14343,14193,27
NC_028752.1,NC_010438.1,13734,14134,27
NC_028752.1,NC_010437.1,10819,11329,28
NC_028752.1,NC_009988.1,18465,18376,32
NC_028752.1,NC_009657.1,15360,15475,32
NC_028752.1,NC_009021.1,17097,17540,20
NC_028752.1,NC_009020.1,15797,16968,18
NC_028752.1,NC_009019.1,14540,15576,27
NC_028752.1,NC_006577.2,1123,10516,20
NC_028752.1,NC_005831.2,22438,22880,45
NC_028752.1,NC_004718.3,14757,15632,22
NC_028752.1,NC_003436.1,13206,13291,29
NC_028752.1,NC_003045.1,13200,14024,21
NC_028752.1,NC_002645.1,12382,12367,125
NC_028752.1,NC_001846.1,16833,17896,23
NC_028752.1,NC_001451.1,14349,14189,20
NC_028752.1,KX432213.1,13200,13957,21
NC_028752.1,JX860640.1,13200,14024,21
NC_028752.1,MT121216.1,14915,15719,21
NC_028752.1,MT040336.1,16620,17539,21
NC_028752.1,NC_039208.1,23347,22040,26
NC_028752.1,bat/Yunnan/RaTG13/2013,14915,15842,21
NC_028752.1,Beijing/IVDC-01-06/2020,14915,15860,21
NC_028752.1,Beijing/IVDC-02-06/2020,14915,15860,21
NC_028752.1,env/Beijing/IVDC-03-06/2020,14915,15860,21
NC_028752.1,NC_046964.1,51,35,30
NC_028752.1,NC_014470.1,14915,15689,21
NC_026011.1,NC_025217.1,15287,15743,25
NC_026011.1,NC_019843.3,14104,14056,20
NC_026011.1,NC_023760.1,14107,12904,21
NC_026011.1,AC_000192.1,14479,14613,50
NC_026011.1,NC_022103.1,14107,13137,20
NC_026011.1,NC_018871.1,20374,19378,18
NC_026011.1,NC_017083.1,16207,16242,62
NC_026011.1,NC_016992.1,9618,16528,15
NC_026011.1,NC_016991.1,17347,15221,21
NC_026011.1,NC_016996.1,15292,12884,20
NC_026011.1,NC_016995.1,9998,7517,18
NC_026011.1,NC_016994.1,4396,2378,15
NC_026011.1,NC_016993.1,19167,17129,21
NC_026011.1,NC_002306.3,27667,24599,23
NC_026011.1,NC_012936.1,14158,14230,56
NC_026011.1,NC_011550.1,15867,13987,18
NC_026011.1,NC_011549.1,15871,13802,23
NC_026011.1,NC_010800.1,19285,18170,24
NC_026011.1,NC_010646.1,19277,18205,28
NC_026011.1,NC_010438.1,21391,20722,17
NC_026011.1,NC_010437.1,20956,1102,17
NC_026011.1,NC_009988.1,14110,13054,17
NC_026011.1,NC_009657.1,15723,14886,25
NC_026011.1,NC_009021.1,14103,13570,21
NC_026011.1,NC_009020.1,1718,9634,17
NC_026011.1,NC_009019.1,14065,14137,20
NC_026011.1,NC_006577.2,17431,17547,41
NC_026011.1,NC_005831.2,18455,17404,21
NC_026011.1,NC_004718.3,18472,18404,20
NC_026011.1,NC_003436.1,11813,10985,19
NC_026011.1,NC_003045.1,19033,18902,56
NC_026011.1,NC_002645.1,10563,9656,20
NC_026011.1,NC_001846.1,15681,15798,54
NC_026011.1,NC_001451.1,15289,14177,23
NC_026011.1,KX432213.1,19033,18835,56
NC_026011.1,JX860640.1,11936,11793,53
NC_026011.1,MT121216.1,15067,14919,20
NC_026011.1,MT040336.1,18469,18448,27
NC_026011.1,NC_039208.1,13245,11186,16
NC_026011.1,bat/Yunnan/RaTG13/2013,18472,18456,24
NC_026011.1,Beijing/IVDC-01-06/2020,13933,13914,23
NC_026011.1,Beijing/IVDC-02-06/2020,13933,13914,23
NC_026011.1,env/Beijing/IVDC-03-06/2020,13933,13914,23
NC_026011.1,NC_046964.1,27116,23574,19
NC_026011.1,NC_014470.1,15070,14892,29
NC_025217.1,NC_019843.3,13469,12968,26
NC_025217.1,NC_023760.1,14817,13173,21
NC_025217.1,AC_000192.1,15232,14910,20
NC_025217.1,NC_022103.1,18376,16968,20
NC_025217.1,NC_018871.1,16336,15010,22
NC_025217.1,NC_017083.1,16330,15909,20
NC_025217.1,NC_016992.1,21268,13368,18
NC_025217.1,NC_016991.1,27339,22723,20
NC_025217.1,NC_016996.1,15748,12884,23
NC_025217.1,NC_016995.1,14818,11770,20
NC_025217.1,NC_016994.1,15928,13317,15
NC_025217.1,NC_016993.1,10619,8188,17
NC_025217.1,NC_002306.3,15520,13986,27
NC_025217.1,NC_012936.1,15550,15166,23
NC_025217.1,NC_011550.1,13146,10840,20
NC_025217.1,NC_011549.1,10946,8481,20
NC_025217.1,NC_010800.1,18025,16454,29
NC_025217.1,NC_010646.1,16777,15219,23
NC_025217.1,NC_010438.1,17830,16825,18
NC_025217.1,NC_010437.1,15211,14316,23
NC_025217.1,NC_009988.1,18223,16729,26
NC_025217.1,NC_009657.1,16261,14968,24
NC_025217.1,NC_009021.1,15616,14639,29
NC_025217.1,NC_009020.1,16165,15928,32
NC_025217.1,NC_009019.1,16152,15780,21
NC_025217.1,NC_006577.2,15745,15405,20
NC_025217.1,NC_005831.2,15745,14241,17
NC_025217.1,NC_004718.3,15163,14630,35
NC_025217.1,NC_003436.1,15217,13894,18
NC_025217.1,NC_003045.1,15520,14921,29
NC_025217.1,NC_002645.1,13481,12082,19
NC_025217.1,NC_001846.1,15232,14893,20
NC_025217.1,NC_001451.1,18024,16453,30
NC_025217.1,KX432213.1,15520,14854,29
NC_025217.1,JX860640.1,15520,14921,29
NC_025217.1,MT121216.1,13937,13333,31
NC_025217.1,MT040336.1,13937,13451,31
NC_025217.1,NC_039208.1,21268,13351,18
NC_025217.1,bat/Yunnan/RaTG13/2013,13937,13456,31
NC_025217.1,Beijing/IVDC-01-06/2020,13937,13474,31
NC_025217.1,Beijing/IVDC-02-06/2020,13937,13474,31
NC_025217.1,env/Beijing/IVDC-03-06/2020,13937,13474,31
NC_025217.1,NC_046964.1,20248,18426,23
NC_025217.1,NC_014470.1,16146,15512,27
NC_019843.3,NC_023760.1,14263,13111,20
NC_019843.3,AC_000192.1,15043,15213,26
NC_019843.3,NC_022103.1,13879,12957,20
NC_019843.3,NC_018871.1,15772,14938,21
NC_019843.3,NC_017083.1,14740,14811,23
NC_019843.3,NC_016992.1,13208,11226,17
NC_019843.3,NC_016991.1,15254,13170,25
NC_019843.3,NC_016996.1,17149,14768,26
NC_019843.3,NC_016995.1,2711,14221,15
NC_019843.3,NC_016994.1,15259,13143,20
NC_019843.3,NC_016993.1,15259,13260,24
NC_019843.3,NC_002306.3,9860,8863,19
NC_019843.3,NC_012936.1,15043,15151,29
NC_019843.3,NC_011550.1,9863,8076,17
NC_019843.3,NC_011549.1,15254,13224,26
NC_019843.3,NC_010800.1,18727,17642,20
NC_019843.3,NC_010646.1,13106,11914,20
NC_019843.3,NC_010438.1,15253,14737,27
NC_019843.3,NC_010437.1,19726,19302,30
NC_019843.3,NC_009988.1,14032,13024,20
NC_019843.3,NC_009657.1,11105,10394,20
NC_019843.3,NC_009021.1,14056,13571,21
NC_019843.3,NC_009020.1,13424,13676,50
NC_019843.3,NC_009019.1,34,34,42
NC_019843.3,NC_006577.2,15055,15207,26
NC_019843.3,NC_005831.2,19264,18240,21
NC_019843.3,NC_004718.3,14683,14642,20
NC_019843.3,NC_003436.1,866,635,25
NC_019843.3,NC_003045.1,15043,14936,29
NC_019843.3,NC_002645.1,15268,14337,23
NC_019843.3,NC_001846.1,15043,15196,26
NC_019843.3,NC_001451.1,15249,14173,18
NC_019843.3,KX432213.1,15043,14869,29
NC_019843.3,JX860640.1,15043,14936,29
NC_019843.3,MT121216.1,15247,15135,26
NC_019843.3,MT040336.1,10453,10456,23
NC_019843.3,NC_039208.1,15254,13228,26
NC_019843.3,bat/Yunnan/RaTG13/2013,15247,15258,26
NC_019843.3,Beijing/IVDC-01-06/2020,14269,14298,20
NC_019843.3,Beijing/IVDC-02-06/2020,14269,14298,20
NC_019843.3,env/Beijing/IVDC-03-06/2020,14269,14298,20
NC_019843.3,NC_046964.1,15253,13965,32
NC_019843.3,NC_014470.1,10453,10308,23
NC_023760.1,AC_000192.1,13747,15069,17
NC_023760.1,NC_022103.1,19954,20187,29
NC_023760.1,NC_018871.1,16597,16915,27
NC_023760.1,NC_017083.1,14098,15321,20
NC_023760.1,NC_016992.1,23825,22159,17
NC_023760.1,NC_016991.1,15451,14513,17
NC_023760.1,NC_016996.1,12902,11700,20
NC_023760.1,NC_016995.1,13174,11770,26
NC_023760.1,NC_016994.1,13704,12743,18
NC_023760.1,NC_016993.1,11075,10252,16
NC_023760.1,NC_002306.3,12487,12597,34
NC_023760.1,NC_012936.1,23823,27227,19
NC_023760.1,NC_011550.1,28893,26535,16
NC_023760.1,NC_011549.1,10822,1712,16
NC_023760.1,NC_010800.1,12840,12922,25
NC_023760.1,NC_010646.1,28893,31653,32
NC_023760.1,NC_010438.1,13252,13888,20
NC_023760.1,NC_010437.1,17191,17940,30
NC_023760.1,NC_009988.1,28884,27139,25
NC_023760.1,NC_009657.1,28894,28179,23
NC_023760.1,NC_009021.1,16864,17540,25
NC_023760.1,NC_009020.1,12065,13445,17
NC_023760.1,NC_009019.1,9435,10680,18
NC_023760.1,NC_006577.2,14097,15401,21
NC_023760.1,NC_005831.2,12889,13029,29
NC_023760.1,NC_004718.3,28892,29725,25
NC_023760.1,NC_003436.1,14686,15007,29
NC_023760.1,NC_003045.1,14098,15143,20
NC_023760.1,NC_002645.1,28887,27270,46
NC_023760.1,NC_001846.1,28891,31331,25
NC_023760.1,NC_001451.1,12840,12922,25
NC_023760.1,KX432213.1,14098,15076,20
NC_023760.1,JX860640.1,14098,15143,20
NC_023760.1,MT121216.1,14500,15540,20
NC_023760.1,MT040336.1,14098,15256,20
NC_023760.1,NC_039208.1,28893,25408,16
NC_023760.1,bat/Yunnan/RaTG13/2013,28892,29833,21
NC_023760.1,Beijing/IVDC-01-06/2020,28892,29868,34
NC_023760.1,Beijing/IVDC-02-06/2020,28892,29868,34
NC_023760.1,env/Beijing/IVDC-03-06/2020,28892,29868,34
NC_023760.1,NC_046964.1,20020,19881,23
NC_023760.1,NC_014470.1,28892,29252,23
AC_000192.1,NC_022103.1,18864,17775,20
AC_000192.1,NC_018871.1,18060,17062,23
AC_000192.1,NC_017083.1,16536,16437,59
AC_000192.1,NC_016992.1,4240,3456,16
AC_000192.1,NC_016991.1,14397,12149,20
AC_000192.1,NC_016996.1,17694,15146,17
AC_000192.1,NC_016995.1,15435,12703,18
AC_000192.1,NC_016994.1,15600,13311,17
AC_000192.1,NC_016993.1,15600,13428,29
AC_000192.1,NC_002306.3,18051,16845,20
AC_000192.1,NC_012936.1,195,163,173
AC_000192.1,NC_011550.1,14960,12952,18
AC_000192.1,NC_011549.1,15198,12998,27
AC_000192.1,NC_010800.1,19416,18170,20
AC_000192.1,NC_010646.1,19408,18205,29
AC_000192.1,NC_010438.1,18069,17389,21
AC_000192.1,NC_010437.1,16008,15435,24
AC_000192.1,NC_009988.1,18057,16888,17
AC_000192.1,NC_009657.1,16014,15043,22
AC_000192.1,NC_009021.1,15423,14768,27
AC_000192.1,NC_009020.1,15213,15298,26
AC_000192.1,NC_009019.1,15216,15166,23
AC_000192.1,NC_006577.2,13958,13940,39
AC_000192.1,NC_005831.2,18069,16893,20
AC_000192.1,NC_004718.3,15945,15734,26
AC_000192.1,NC_003436.1,13375,12383,23
AC_000192.1,NC_003045.1,16968,16691,63
AC_000192.1,NC_002645.1,10695,9657,18
AC_000192.1,NC_001846.1,31233,31056,292
AC_000192.1,NC_001451.1,25864,8273,17
AC_000192.1,KX432213.1,16968,16624,63
AC_000192.1,JX860640.1,16968,16691,63
AC_000192.1,MT121216.1,15196,14914,37
AC_000192.1,MT040336.1,14913,14749,19
AC_000192.1,NC_039208.1,14241,12048,18
AC_000192.1,bat/Yunnan/RaTG13/2013,16020,15861,20
AC_000192.1,Beijing/IVDC-01-06/2020,14070,13917,20
AC_000192.1,Beijing/IVDC-02-06/2020,14070,13917,20
AC_000192.1,env/Beijing/IVDC-03-06/2020,14070,13917,20
AC_000192.1,NC_046964.1,16008,14550,23
AC_000192.1,NC_014470.1,14580,14268,20
NC_022103.1,NC_018871.1,12521,12606,35
NC_022103.1,NC_017083.1,17502,18492,18
NC_022103.1,NC_016992.1,17661,16571,20
NC_022103.1,NC_016991.1,16334,15157,18
NC_022103.1,NC_016996.1,18208,16878,19
NC_022103.1,NC_016995.1,24461,22236,18
NC_022103.1,NC_016994.1,14909,13709,27
NC_022103.1,NC_016993.1,14268,13188,20
NC_022103.1,NC_002306.3,14397,14274,24
NC_022103.1,NC_012936.1,19850,21000,18
NC_022103.1,NC_011550.1,14268,13346,21
NC_022103.1,NC_011549.1,18208,17226,19
NC_022103.1,NC_010800.1,18208,18054,23
NC_022103.1,NC_010646.1,16212,16062,24
NC_022103.1,NC_010438.1,12538,12941,37
NC_022103.1,NC_010437.1,12522,13038,53
NC_022103.1,NC_009988.1,12534,12448,41
NC_022103.1,NC_009657.1,16120,16238,34
NC_022103.1,NC_009021.1,6850,7062,23
NC_022103.1,NC_009020.1,16881,18052,24
NC_022103.1,NC_009019.1,18067,19109,25
NC_022103.1,NC_006577.2,18208,19297,19
NC_022103.1,NC_005831.2,9046,8947,27
NC_022103.1,NC_004718.3,16881,17756,24
NC_022103.1,NC_003436.1,12538,12626,37
NC_022103.1,NC_003045.1,12298,13104,24
NC_022103.1,NC_002645.1,10090,10072,28
NC_022103.1,NC_001846.1,17101,18173,16
NC_022103.1,NC_001451.1,18208,18063,23
NC_022103.1,KX432213.1,12298,13037,24
NC_022103.1,JX860640.1,12298,13104,24
NC_022103.1,MT121216.1,16881,17685,24
NC_022103.1,MT040336.1,15552,16477,20
NC_022103.1,NC_039208.1,23441,21584,20
NC_022103.1,bat/Yunnan/RaTG13/2013,16884,17811,21
NC_022103.1,Beijing/IVDC-01-06/2020,16884,17829,20
NC_022103.1,Beijing/IVDC-02-06/2020,16884,17829,20
NC_022103.1,env/Beijing/IVDC-03-06/2020,16884,17829,20
NC_022103.1,NC_046964.1,25804,25635,31
NC_022103.1,NC_014470.1,4234,3271,20
NC_018871.1,NC_017083.1,14020,14925,21
NC_018871.1,NC_016992.1,16584,8406,17
NC_018871.1,NC_016991.1,14353,13103,30
NC_018871.1,NC_016996.1,14353,12815,20
NC_018871.1,NC_016995.1,9152,7466,15
NC_018871.1,NC_016994.1,14021,12742,20
NC_018871.1,NC_016993.1,14356,13191,20
NC_018871.1,NC_002306.3,19071,18872,27
NC_018871.1,NC_012936.1,19873,20941,20
NC_018871.1,NC_011550.1,14356,13349,17
NC_018871.1,NC_011549.1,14353,13157,23
NC_018871.1,NC_010800.1,16297,16052,23
NC_018871.1,NC_010646.1,15001,14769,20
NC_018871.1,NC_010438.1,11116,11434,24
NC_018871.1,NC_010437.1,15088,15519,41
NC_018871.1,NC_009988.1,14839,14668,23
NC_018871.1,NC_009657.1,12407,12446,26
NC_018871.1,NC_009021.1,14344,14693,20
NC_018871.1,NC_009020.1,20388,21531,18
NC_018871.1,NC_009019.1,14350,15304,24
NC_018871.1,NC_006577.2,14347,15333,27
NC_018871.1,NC_005831.2,16222,16044,27
NC_018871.1,NC_004718.3,16297,17087,23
NC_018871.1,NC_003436.1,13294,13297,23
NC_018871.1,NC_003045.1,18290,19038,19
NC_018871.1,NC_002645.1,18136,18039,29
NC_018871.1,NC_001846.1,19873,20986,20
NC_018871.1,NC_001451.1,15001,14759,26
NC_018871.1,KX432213.1,18290,18971,19
NC_018871.1,JX860640.1,18290,19038,19
NC_018871.1,MT121216.1,18397,19152,20
NC_018871.1,MT040336.1,18409,19282,29
NC_018871.1,NC_039208.1,14359,13167,24
NC_018871.1,bat/Yunnan/RaTG13/2013,18418,19296,24
NC_018871.1,Beijing/IVDC-01-06/2020,18418,19314,24
NC_018871.1,Beijing/IVDC-02-06/2020,18418,19314,24
NC_018871.1,env/Beijing/IVDC-03-06/2020,18418,19314,24
NC_018871.1,NC_046964.1,9293,8836,29
NC_018871.1,NC_014470.1,18331,19056,24
NC_017083.1,NC_016992.1,15105,13025,17
NC_017083.1,NC_016991.1,17382,15221,21
NC_017083.1,NC_016996.1,15519,13073,17
NC_017083.1,NC_016995.1,15909,13273,17
NC_017083.1,NC_016994.1,14926,12742,22
NC_017083.1,NC_016993.1,15519,13446,26
NC_017083.1,NC_002306.3,27694,24598,24
NC_017083.1,NC_012936.1,16395,16432,75
NC_017083.1,NC_011550.1,15753,13838,19
NC_017083.1,NC_011549.1,15525,13421,17
NC_017083.1,NC_010800.1,15321,14174,23
NC_017083.1,NC_010646.1,19308,18201,32
NC_017083.1,NC_010438.1,21426,20722,21
NC_017083.1,NC_010437.1,13285,12817,21
NC_017083.1,NC_009988.1,19374,18289,19
NC_017083.1,NC_009657.1,14202,13315,20
NC_017083.1,NC_009021.1,20775,20138,23
NC_017083.1,NC_009020.1,14138,14310,20
NC_017083.1,NC_009019.1,15759,15808,24
NC_017083.1,NC_006577.2,20868,20958,35
NC_017083.1,NC_005831.2,14202,13104,23
NC_017083.1,NC_004718.3,14481,14369,31
NC_017083.1,NC_003436.1,13276,12383,23
NC_017083.1,NC_003045.1,21210,21041,146
NC_017083.1,NC_002645.1,10600,9658,18
NC_017083.1,NC_001846.1,16873,16955,59
NC_017083.1,NC_001451.1,15321,14174,20
NC_017083.1,KX432213.1,24685,24469,132
NC_017083.1,JX860640.1,21210,21041,164
NC_017083.1,MT121216.1,29107,26689,19
NC_017083.1,MT040336.1,15321,15256,30
NC_017083.1,NC_039208.1,15105,13008,17
NC_017083.1,bat/Yunnan/RaTG13/2013,15924,15864,21
NC_017083.1,Beijing/IVDC-01-06/2020,15924,15882,21
NC_017083.1,Beijing/IVDC-02-06/2020,15924,15882,21
NC_017083.1,env/Beijing/IVDC-03-06/2020,15924,15882,21
NC_017083.1,NC_046964.1,27152,23576,17
NC_017083.1,NC_014470.1,14487,14274,20
NC_016992.1,NC_016991.1,12980,12905,50
NC_016992.1,NC_016996.1,25863,26011,33
NC_016992.1,NC_016995.1,14324,13771,26
NC_016992.1,NC_016994.1,14316,14209,22
NC_016992.1,NC_016993.1,321,397,73
NC_016992.1,NC_002306.3,15808,16784,20
NC_016992.1,NC_012936.1,13424,15544,23
NC_016992.1,NC_011550.1,15557,15725,59
NC_016992.1,NC_011549.1,25845,26159,72
NC_016992.1,NC_010800.1,25867,27504,31
NC_016992.1,NC_010646.1,21598,23476,30
NC_016992.1,NC_010438.1,21607,23754,23
NC_016992.1,NC_010437.1,22163,24416,19
NC_016992.1,NC_009988.1,11203,12213,16
NC_016992.1,NC_009657.1,15371,16591,20
NC_016992.1,NC_009021.1,2164,1051,18
NC_016992.1,NC_009020.1,13245,15509,29
NC_016992.1,NC_009019.1,9931,21566,16
NC_016992.1,NC_006577.2,17125,19295,24
NC_016992.1,NC_005831.2,13457,14457,17
NC_016992.1,NC_004718.3,25864,29589,32
NC_016992.1,NC_003436.1,11411,12607,18
NC_016992.1,NC_003045.1,7851,17380,16
NC_016992.1,NC_002645.1,15371,16461,20
NC_016992.1,NC_001846.1,26066,31333,16
NC_016992.1,NC_001451.1,25867,27479,31
NC_016992.1,KX432213.1,7851,17313,16
NC_016992.1,JX860640.1,7851,17380,16
NC_016992.1,MT121216.1,22756,25026,17
NC_016992.1,MT040336.1,25863,29677,33
NC_016992.1,NC_039208.1,25846,25188,141
NC_016992.1,bat/Yunnan/RaTG13/2013,25863,29697,33
NC_016992.1,Beijing/IVDC-01-06/2020,25863,29731,26
NC_016992.1,Beijing/IVDC-02-06/2020,25863,29731,26
NC_016992.1,env/Beijing/IVDC-03-06/2020,25863,29731,26
NC_016992.1,NC_046964.1,20768,22179,17
NC_016992.1,NC_014470.1,25863,29116,33
NC_016991.1,NC_016996.1,22672,22477,38
NC_016991.1,NC_016995.1,13088,12610,20
NC_016991.1,NC_016994.1,13341,13309,37
NC_016991.1,NC_016993.1,12263,12348,41
NC_016991.1,NC_002306.3,13106,14148,24
NC_016991.1,NC_012936.1,12149,14335,20
NC_016991.1,NC_011550.1,13691,13934,41
NC_016991.1,NC_011549.1,24273,24350,65
NC_016991.1,NC_010800.1,25827,27504,29
NC_016991.1,NC_010646.1,26021,31648,19
NC_016991.1,NC_010438.1,13170,14738,25
NC_016991.1,NC_010437.1,15706,17396,24
NC_016991.1,NC_009988.1,13106,14185,20
NC_016991.1,NC_009657.1,13904,15190,17
NC_016991.1,NC_009021.1,22061,23980,16
NC_016991.1,NC_009020.1,9846,12164,17
NC_016991.1,NC_009019.1,13170,15374,25
NC_016991.1,NC_006577.2,13355,15594,23
NC_016991.1,NC_005831.2,16616,17565,23
NC_016991.1,NC_004718.3,25824,29589,34
NC_016991.1,NC_003436.1,13106,14359,20
NC_016991.1,NC_003045.1,15221,17204,20
NC_016991.1,NC_002645.1,16459,17486,18
NC_016991.1,NC_001846.1,17170,19287,21
NC_016991.1,NC_001451.1,25827,27479,29
NC_016991.1,KX432213.1,15221,17137,20
NC_016991.1,JX860640.1,15221,17204,20
NC_016991.1,MT121216.1,13904,15879,29
NC_016991.1,MT040336.1,25821,29675,37
NC_016991.1,NC_039208.1,24431,24308,42
NC_016991.1,bat/Yunnan/RaTG13/2013,25821,29695,37
NC_016991.1,Beijing/IVDC-01-06/2020,25821,29729,28
NC_016991.1,Beijing/IVDC-02-06/2020,25821,29729,28
NC_016991.1,env/Beijing/IVDC-03-06/2020,25821,29729,28
NC_016991.1,NC_046964.1,13170,13966,25
NC_016991.1,NC_014470.1,25821,29114,37
NC_016996.1,NC_016995.1,12517,12327,30
NC_016996.1,NC_016994.1,11051,11301,35
NC_016996.1,NC_016993.1,26011,26470,33
NC_016996.1,NC_002306.3,5316,6673,20
NC_016996.1,NC_012936.1,20560,25765,21
NC_016996.1,NC_011550.1,26012,26334,32
NC_016996.1,NC_011549.1,15605,15947,34
NC_016996.1,NC_010800.1,26015,27504,29
NC_016996.1,NC_010646.1,13388,14697,23
NC_016996.1,NC_010438.1,21373,23754,20
NC_016996.1,NC_010437.1,21502,23989,24
NC_016996.1,NC_009988.1,12004,13365,21
NC_016996.1,NC_009657.1,12887,14458,23
NC_016996.1,NC_009021.1,11702,13574,17
NC_016996.1,NC_009020.1,11762,14374,21
NC_016996.1,NC_009019.1,12815,15307,20
NC_016996.1,NC_006577.2,16876,19295,26
NC_016996.1,NC_005831.2,12809,14169,24
NC_016996.1,NC_004718.3,26012,29589,33
NC_016996.1,NC_003436.1,2294,1390,18
NC_016996.1,NC_003045.1,12884,15149,24
NC_016996.1,NC_002645.1,16328,17646,20
NC_016996.1,NC_001846.1,15146,17677,17
NC_016996.1,NC_001451.1,26015,27479,29
NC_016996.1,KX432213.1,12884,15082,24
NC_016996.1,JX860640.1,12884,15149,24
NC_016996.1,MT121216.1,11972,14226,23
NC_016996.1,MT040336.1,26010,29676,35
NC_016996.1,NC_039208.1,26011,25205,33
NC_016996.1,bat/Yunnan/RaTG13/2013,26010,29696,35
NC_016996.1,Beijing/IVDC-01-06/2020,26010,29730,27
NC_016996.1,Beijing/IVDC-02-06/2020,26010,29730,27
NC_016996.1,env/Beijing/IVDC-03-06/2020,26010,29730,27
NC_016996.1,NC_046964.1,15362,16452,18
NC_016996.1,NC_014470.1,26010,29115,35
NC_016995.1,NC_016994.1,12160,12606,29
NC_016995.1,NC_016993.1,24214,24932,18
NC_016995.1,NC_002306.3,13273,14796,17
NC_016995.1,NC_012936.1,16719,19350,21
NC_016995.1,NC_011550.1,12166,12887,23
NC_016995.1,NC_011549.1,12334,12866,26
NC_016995.1,NC_010800.1,13273,14762,20
NC_016995.1,NC_010646.1,14182,15684,19
NC_016995.1,NC_010438.1,12298,14341,18
NC_016995.1,NC_010437.1,14821,16995,17
NC_016995.1,NC_009988.1,12697,14254,21
NC_016995.1,NC_009657.1,14821,16597,18
NC_016995.1,NC_009021.1,23845,26783,23
NC_016995.1,NC_009020.1,26209,30464,17
NC_016995.1,NC_009019.1,13273,15958,20
NC_016995.1,NC_006577.2,12694,15408,27
NC_016995.1,NC_005831.2,16723,18222,21
NC_016995.1,NC_004718.3,11779,14294,18
NC_016995.1,NC_003436.1,21723,19840,18
NC_016995.1,NC_003045.1,11898,14347,18
NC_016995.1,NC_002645.1,15204,25564,21
NC_016995.1,NC_001846.1,16721,19397,19
NC_016995.1,NC_001451.1,13891,15383,20
NC_016995.1,KX432213.1,11898,14280,18
NC_016995.1,JX860640.1,11898,14347,18
NC_016995.1,MT121216.1,11777,14221,20
NC_016995.1,MT040336.1,3585,12312,15
NC_016995.1,NC_039208.1,13771,14307,26
NC_016995.1,bat/Yunnan/RaTG13/2013,11777,14344,19
NC_016995.1,Beijing/IVDC-01-06/2020,12694,15285,24
NC_016995.1,Beijing/IVDC-02-06/2020,12694,15285,24
NC_016995.1,env/Beijing/IVDC-03-06/2020,12694,15285,24
NC_016995.1,NC_046964.1,1722,2897,15
NC_016995.1,NC_014470.1,6893,9139,16
NC_016994.1,NC_016993.1,13083,13200,22
NC_016994.1,NC_002306.3,22266,24063,19
NC_016994.1,NC_012936.1,13358,15585,21
NC_016994.1,NC_011550.1,14205,14480,38
NC_016994.1,NC_011549.1,13329,13415,38
NC_016994.1,NC_010800.1,17087,18052,25
NC_016994.1,NC_010646.1,14935,29441,19
NC_016994.1,NC_010438.1,13555,15158,27
NC_016994.1,NC_010437.1,21638,23857,23
NC_016994.1,NC_009988.1,13713,14827,30
NC_016994.1,NC_009657.1,22781,24546,20
NC_016994.1,NC_009021.1,16661,18238,18
NC_016994.1,NC_009020.1,12778,15146,20
NC_016994.1,NC_009019.1,13143,15379,20
NC_016994.1,NC_006577.2,12742,15007,26
NC_016994.1,NC_005831.2,16542,17568,25
NC_016994.1,NC_004718.3,13311,15389,17
NC_016994.1,NC_003436.1,2066,5565,17
NC_016994.1,NC_003045.1,16653,11051,17
NC_016994.1,NC_002645.1,17089,18193,23
NC_016994.1,NC_001846.1,13311,15583,17
NC_016994.1,NC_001451.1,17087,18061,25
NC_016994.1,KX432213.1,16653,10984,17
NC_016994.1,JX860640.1,16653,11051,17
NC_016994.1,MT121216.1,13311,15318,17
NC_016994.1,MT040336.1,11618,13710,19
NC_016994.1,NC_039208.1,13329,13419,32
NC_016994.1,bat/Yunnan/RaTG13/2013,13311,15441,17
NC_016994.1,Beijing/IVDC-01-06/2020,13311,15459,17
NC_016994.1,Beijing/IVDC-02-06/2020,13311,15459,17
NC_016994.1,env/Beijing/IVDC-03-06/2020,13311,15459,17
NC_016994.1,NC_046964.1,13143,13971,20
NC_016994.1,NC_014470.1,12778,14749,19
NC_016993.1,NC_002306.3,13183,14140,28
NC_016993.1,NC_012936.1,12231,14332,17
NC_016993.1,NC_011550.1,26347,26210,78
NC_016993.1,NC_011549.1,26384,26091,41
NC_016993.1,NC_010800.1,26474,27504,34
NC_016993.1,NC_010646.1,26671,31651,17
NC_016993.1,NC_010438.1,15818,17310,22
NC_016993.1,NC_010437.1,21713,23929,18
NC_016993.1,NC_009988.1,13188,14182,27
NC_016993.1,NC_009657.1,21786,23584,25
NC_016993.1,NC_009021.1,15798,17318,25
NC_016993.1,NC_009020.1,6742,8957,16
NC_016993.1,NC_009019.1,13260,15379,21
NC_016993.1,NC_006577.2,13191,15342,18
NC_016993.1,NC_005831.2,15312,16311,17
NC_016993.1,NC_004718.3,26471,29589,32
NC_016993.1,NC_003436.1,13188,14356,27
NC_016993.1,NC_003045.1,13440,15335,26
NC_016993.1,NC_002645.1,22793,23905,17
NC_016993.1,NC_001846.1,13428,15583,29
NC_016993.1,NC_001451.1,26474,27479,32
NC_016993.1,KX432213.1,13440,15268,26
NC_016993.1,JX860640.1,13440,15335,26
NC_016993.1,MT121216.1,13428,15318,17
NC_016993.1,MT040336.1,26470,29677,33
NC_016993.1,NC_039208.1,14523,14496,56
NC_016993.1,bat/Yunnan/RaTG13/2013,26470,29697,33
NC_016993.1,Beijing/IVDC-01-06/2020,26470,29731,26
NC_016993.1,Beijing/IVDC-02-06/2020,26470,29731,26
NC_016993.1,env/Beijing/IVDC-03-06/2020,26470,29731,26
NC_016993.1,NC_046964.1,13260,13971,24
NC_016993.1,NC_014470.1,26470,29116,33
NC_002306.3,NC_012936.1,13074,14239,20
NC_002306.3,NC_011550.1,14142,13343,23
NC_002306.3,NC_011549.1,14148,13160,20
NC_002306.3,NC_010800.1,12984,12956,26
NC_002306.3,NC_010646.1,14209,14185,28
NC_002306.3,NC_010438.1,8731,9311,23
NC_002306.3,NC_010437.1,24605,25015,21
NC_002306.3,NC_009988.1,14145,14182,23
NC_002306.3,NC_009657.1,18207,18442,31
NC_002306.3,NC_009021.1,14757,15314,20
NC_002306.3,NC_009020.1,14727,16024,26
NC_002306.3,NC_009019.1,20208,21385,29
NC_002306.3,NC_006577.2,13287,14481,23
NC_002306.3,NC_005831.2,12415,12445,31
NC_002306.3,NC_004718.3,17773,18783,23
NC_002306.3,NC_003436.1,14145,14356,23
NC_002306.3,NC_003045.1,13986,14921,27
NC_002306.3,NC_002645.1,20120,20249,23
NC_002306.3,NC_001846.1,18090,19291,17
NC_002306.3,NC_001451.1,12780,12740,26
NC_002306.3,KX432213.1,13986,14854,27
NC_002306.3,JX860640.1,13986,14921,27
NC_002306.3,MT121216.1,17773,18712,25
NC_002306.3,MT040336.1,17773,18830,23
NC_002306.3,NC_039208.1,23435,21449,26
NC_002306.3,bat/Yunnan/RaTG13/2013,22952,23671,20
NC_002306.3,Beijing/IVDC-01-06/2020,18523,19624,19
NC_002306.3,Beijing/IVDC-02-06/2020,18523,19624,19
NC_002306.3,env/Beijing/IVDC-03-06/2020,18523,19624,19
NC_002306.3,NC_046964.1,18108,17856,30
NC_002306.3,NC_014470.1,14619,15519,21
NC_012936.1,NC_011550.1,14179,12233,17
NC_012936.1,NC_011549.1,15136,12998,27
NC_012936.1,NC_010800.1,15544,14360,23
NC_012936.1,NC_010646.1,15796,14622,23
NC_012936.1,NC_010438.1,13321,12703,21
NC_012936.1,NC_010437.1,15946,15435,24
NC_012936.1,NC_009988.1,20992,19765,26
NC_012936.1,NC_009657.1,21010,19975,26
NC_012936.1,NC_009021.1,15768,15175,21
NC_012936.1,NC_009020.1,15151,15298,32
NC_012936.1,NC_009019.1,15154,15166,26
NC_012936.1,NC_006577.2,15768,15812,42
NC_012936.1,NC_005831.2,14239,13104,20
NC_012936.1,NC_004718.3,27784,25067,23
NC_012936.1,NC_003436.1,18808,17860,21
NC_012936.1,NC_003045.1,16888,16673,92
NC_012936.1,NC_002645.1,15367,14328,21
NC_012936.1,NC_001846.1,15712,15757,209
NC_012936.1,NC_001451.1,15537,14353,30
NC_012936.1,KX432213.1,16888,16606,89
NC_012936.1,JX860640.1,16888,16673,89
NC_012936.1,MT121216.1,15134,14914,37
NC_012936.1,MT040336.1,14851,14749,19
NC_012936.1,NC_039208.1,13317,11186,19
NC_012936.1,bat/Yunnan/RaTG13/2013,15958,15861,23
NC_012936.1,Beijing/IVDC-01-06/2020,15594,15515,24
NC_012936.1,Beijing/IVDC-02-06/2020,15594,15515,24
NC_012936.1,env/Beijing/IVDC-03-06/2020,15594,15515,24
NC_012936.1,NC_046964.1,15946,14550,23
NC_012936.1,NC_014470.1,15598,15348,21
NC_011550.1,NC_011549.1,26488,26332,63
NC_011550.1,NC_010800.1,26337,27504,34
NC_011550.1,NC_010646.1,14624,15405,18
NC_011550.1,NC_010438.1,15976,17310,22
NC_011550.1,NC_010437.1,26535,28308,16
NC_011550.1,NC_009988.1,13346,14182,20
NC_011550.1,NC_009657.1,13352,14392,21
NC_011550.1,NC_009021.1,14153,15512,17
NC_011550.1,NC_009020.1,13418,15514,21
NC_011550.1,NC_009019.1,9944,11884,19
NC_011550.1,NC_006577.2,13598,15594,26
NC_011550.1,NC_005831.2,15464,16305,23
NC_011550.1,NC_004718.3,26333,29588,33
NC_011550.1,NC_003436.1,13346,14356,20
NC_011550.1,NC_003045.1,13987,15724,18
NC_011550.1,NC_002645.1,13337,14247,20
NC_011550.1,NC_001846.1,12952,14943,18
NC_011550.1,NC_001451.1,26337,27479,32
NC_011550.1,KX432213.1,13987,15657,18
NC_011550.1,JX860640.1,13987,15724,18
NC_011550.1,MT121216.1,8682,13207,15
NC_011550.1,MT040336.1,26334,29678,32
NC_011550.1,NC_039208.1,16526,16347,59
NC_011550.1,bat/Yunnan/RaTG13/2013,26334,29698,32
NC_011550.1,Beijing/IVDC-01-06/2020,26334,29732,25
NC_011550.1,Beijing/IVDC-02-06/2020,26334,29732,25
NC_011550.1,env/Beijing/IVDC-03-06/2020,26334,29732,25
NC_011550.1,NC_046964.1,21799,23201,24
NC_011550.1,NC_014470.1,26334,29117,32
NC_011549.1,NC_010800.1,26181,27504,31
NC_011549.1,NC_010646.1,12042,12991,21
NC_011549.1,NC_010438.1,13224,14738,29
NC_011549.1,NC_010437.1,22810,25009,19
NC_011549.1,NC_009988.1,13160,14185,24
NC_011549.1,NC_009657.1,21331,23100,19
NC_011549.1,NC_009021.1,22812,24596,17
NC_011549.1,NC_009020.1,8479,10713,19
NC_011549.1,NC_009019.1,13224,15374,29
NC_011549.1,NC_006577.2,17224,19295,24
NC_011549.1,NC_005831.2,22816,24350,23
NC_011549.1,NC_004718.3,26178,29589,32
NC_011549.1,NC_003436.1,13160,14359,24
NC_011549.1,NC_003045.1,12987,14910,23
NC_011549.1,NC_002645.1,17226,18193,19
NC_011549.1,NC_001846.1,12998,15181,27
NC_011549.1,NC_001451.1,26181,27479,31
NC_011549.1,KX432213.1,12987,14843,23
NC_011549.1,JX860640.1,12987,14910,23
NC_011549.1,MT121216.1,12998,14916,27
NC_011549.1,MT040336.1,26177,29677,33
NC_011549.1,NC_039208.1,26160,25188,71
NC_011549.1,bat/Yunnan/RaTG13/2013,26177,29697,33
NC_011549.1,Beijing/IVDC-01-06/2020,26177,29731,26
NC_011549.1,Beijing/IVDC-02-06/2020,26177,29731,26
NC_011549.1,env/Beijing/IVDC-03-06/2020,26177,29731,26
NC_011549.1,NC_046964.1,13224,13966,26
NC_011549.1,NC_014470.1,26177,29116,33
NC_010800.1,NC_010646.1,27629,31651,27
NC_010800.1,NC_010438.1,19631,20191,21
NC_010800.1,NC_010437.1,14753,15426,23
NC_010800.1,NC_009988.1,14354,14425,20
NC_010800.1,NC_009657.1,12090,12431,30
NC_010800.1,NC_009021.1,23773,24603,26
NC_010800.1,NC_009020.1,13856,15184,18
NC_010800.1,NC_009019.1,12093,13322,31
NC_010800.1,NC_006577.2,13950,15178,28
NC_010800.1,NC_005831.2,12680,12750,26
NC_010800.1,NC_004718.3,27504,29592,29
NC_010800.1,NC_003436.1,13833,14075,19
NC_010800.1,NC_003045.1,14174,15143,20
NC_010800.1,NC_002645.1,27631,27276,25
NC_010800.1,NC_001846.1,27631,31333,23
NC_010800.1,NC_001451.1,19385,19394,158
NC_010800.1,KX432213.1,14174,15076,20
NC_010800.1,JX860640.1,14174,15143,20
NC_010800.1,MT121216.1,13946,14910,18
NC_010800.1,MT040336.1,27504,29681,29
NC_010800.1,NC_039208.1,27504,25209,31
NC_010800.1,bat/Yunnan/RaTG13/2013,27504,29701,29
NC_010800.1,Beijing/IVDC-01-06/2020,27631,29869,25
NC_010800.1,Beijing/IVDC-02-06/2020,27631,29869,25
NC_010800.1,env/Beijing/IVDC-03-06/2020,27631,29869,25
NC_010800.1,NC_046964.1,22026,8583,17
NC_010800.1,NC_014470.1,27504,29120,29
NC_010646.1,NC_010438.1,17809,18326,23
NC_010646.1,NC_010437.1,12993,13653,18
NC_010646.1,NC_009988.1,11654,11877,18
NC_010646.1,NC_009657.1,31654,28179,23
NC_010646.1,NC_009021.1,13856,14437,21
NC_010646.1,NC_009020.1,16824,18139,26
NC_010646.1,NC_009019.1,14622,15808,23
NC_010646.1,NC_006577.2,18198,19398,32
NC_010646.1,NC_005831.2,12699,12750,23
NC_010646.1,NC_004718.3,31653,29726,24
NC_010646.1,NC_003436.1,12988,13220,24
NC_010646.1,NC_003045.1,18189,19130,44
NC_010646.1,NC_002645.1,31653,27276,32
NC_010646.1,NC_001846.1,14622,15841,23
NC_010646.1,NC_001451.1,13836,13829,26
NC_010646.1,KX432213.1,18189,19063,44
NC_010646.1,JX860640.1,16272,17228,24
NC_010646.1,MT121216.1,9082,10204,19
NC_010646.1,MT040336.1,15675,16747,20
NC_010646.1,NC_039208.1,13200,12246,21
NC_010646.1,bat/Yunnan/RaTG13/2013,13674,14751,20
NC_010646.1,Beijing/IVDC-01-06/2020,31653,29869,32
NC_010646.1,Beijing/IVDC-02-06/2020,31653,29869,32
NC_010646.1,env/Beijing/IVDC-03-06/2020,31653,29869,32
NC_010646.1,NC_046964.1,16761,16536,22
NC_010646.1,NC_014470.1,31653,29253,22
NC_010438.1,NC_010437.1,12941,13054,46
NC_010438.1,NC_009988.1,12941,12452,52
NC_010438.1,NC_009657.1,12925,12640,46
NC_010438.1,NC_009021.1,20035,20105,20
NC_010438.1,NC_009020.1,11769,12498,20
NC_010438.1,NC_009019.1,14737,15373,32
NC_010438.1,NC_006577.2,13814,14482,22
NC_010438.1,NC_005831.2,7973,7471,26
NC_010438.1,NC_004718.3,18611,19116,23
NC_010438.1,NC_003436.1,12940,12625,44
NC_010438.1,NC_003045.1,20722,21257,21
NC_010438.1,NC_002645.1,14134,13719,27
NC_010438.1,NC_001846.1,12703,13366,21
NC_010438.1,NC_001451.1,24309,23070,23
NC_010438.1,KX432213.1,13819,14161,18
NC_010438.1,JX860640.1,20722,21257,21
NC_010438.1,MT121216.1,14737,15141,20
NC_010438.1,MT040336.1,4514,3410,19
NC_010438.1,NC_039208.1,14738,13228,29
NC_010438.1,bat/Yunnan/RaTG13/2013,14737,15264,20
NC_010438.1,Beijing/IVDC-01-06/2020,709,7539,17
NC_010438.1,Beijing/IVDC-02-06/2020,709,7539,17
NC_010438.1,env/Beijing/IVDC-03-06/2020,709,7539,17
NC_010438.1,NC_046964.1,16255,15483,32
NC_010438.1,NC_014470.1,14737,15111,17
NC_010437.1,NC_009988.1,13050,12448,50
NC_010437.1,NC_009657.1,17409,17011,63
NC_010437.1,NC_009021.1,14856,14774,27
NC_010437.1,NC_009020.1,13653,14314,22
NC_010437.1,NC_009019.1,16937,17457,24
NC_010437.1,NC_006577.2,13653,14223,18
NC_010437.1,NC_005831.2,15528,14919,26
NC_010437.1,NC_004718.3,14634,14996,20
NC_010437.1,NC_003436.1,13054,12626,43
NC_010437.1,NC_003045.1,13932,14228,19
NC_010437.1,NC_002645.1,18371,17843,33
NC_010437.1,NC_001846.1,15435,15991,24
NC_010437.1,NC_001451.1,25018,23640,20
NC_010437.1,KX432213.1,20856,21214,20
NC_010437.1,JX860640.1,13932,14228,19
NC_010437.1,MT121216.1,17487,17775,23
NC_010437.1,MT040336.1,16806,17212,23
NC_010437.1,NC_039208.1,24410,21999,19
NC_010437.1,bat/Yunnan/RaTG13/2013,17487,17898,23
NC_010437.1,Beijing/IVDC-01-06/2020,14634,15066,20
NC_010437.1,Beijing/IVDC-02-06/2020,14634,15066,20
NC_010437.1,env/Beijing/IVDC-03-06/2020,14634,15066,20
NC_010437.1,NC_046964.1,16635,15750,38
NC_010437.1,NC_014470.1,14319,14580,20
NC_009988.1,NC_009657.1,27041,28072,41
NC_009988.1,NC_009021.1,14260,14780,28
NC_009988.1,NC_009020.1,18241,19513,23
NC_009988.1,NC_009019.1,14185,15310,18
NC_009988.1,NC_006577.2,14254,15411,21
NC_009988.1,NC_005831.2,15593,15586,30
NC_009988.1,NC_004718.3,17975,18954,19
NC_009988.1,NC_003436.1,12452,12626,43
NC_009988.1,NC_003045.1,22872,26763,18
NC_009988.1,NC_002645.1,25777,25988,27
NC_009988.1,NC_001846.1,27146,31331,18
NC_009988.1,NC_001451.1,9712,21980,17
NC_009988.1,KX432213.1,22872,26696,18
NC_009988.1,JX860640.1,22872,26763,18
NC_009988.1,MT121216.1,12063,12929,16
NC_009988.1,MT040336.1,27066,29731,17
NC_009988.1,NC_039208.1,12215,11188,18
NC_009988.1,bat/Yunnan/RaTG13/2013,14263,15279,17
NC_009988.1,Beijing/IVDC-01-06/2020,14254,15288,26
NC_009988.1,Beijing/IVDC-02-06/2020,14254,15288,26
NC_009988.1,env/Beijing/IVDC-03-06/2020,14254,15288,26
NC_009988.1,NC_046964.1,55,36,28
NC_009988.1,NC_014470.1,18700,19602,17
NC_009657.1,NC_009021.1,18323,18672,22
NC_009657.1,NC_009020.1,14380,15436,26
NC_009657.1,NC_009019.1,12434,13322,27
NC_009657.1,NC_006577.2,15583,16536,20
NC_009657.1,NC_005831.2,19360,19164,24
NC_009657.1,NC_004718.3,28179,29727,23
NC_009657.1,NC_003436.1,24930,24933,37
NC_009657.1,NC_003045.1,14458,15152,21
NC_009657.1,NC_002645.1,16591,16461,26
NC_009657.1,NC_001846.1,15043,15997,22
NC_009657.1,NC_001451.1,12431,12090,29
NC_009657.1,KX432213.1,14458,15085,21
NC_009657.1,JX860640.1,14458,15152,21
NC_009657.1,MT121216.1,15186,15875,21
NC_009657.1,MT040336.1,9404,10106,22
NC_009657.1,NC_039208.1,15805,14574,20
NC_009657.1,bat/Yunnan/RaTG13/2013,9404,10111,22
NC_009657.1,Beijing/IVDC-01-06/2020,28179,29870,23
NC_009657.1,Beijing/IVDC-02-06/2020,28179,29870,23
NC_009657.1,env/Beijing/IVDC-03-06/2020,28179,29870,23
NC_009657.1,NC_046964.1,17989,17502,26
NC_009657.1,NC_014470.1,28179,29254,21
NC_009021.1,NC_009020.1,29091,30459,22
NC_009021.1,NC_009019.1,14043,14648,26
NC_009021.1,NC_006577.2,15797,16434,26
NC_009021.1,NC_005831.2,13850,13323,19
NC_009021.1,NC_004718.3,24597,25064,24
NC_009021.1,NC_003436.1,18672,18293,22
NC_009021.1,NC_003045.1,13569,13959,21
NC_009021.1,NC_002645.1,11901,11506,17
NC_009021.1,NC_001846.1,14768,15406,27
NC_009021.1,NC_001451.1,15683,15092,19
NC_009021.1,KX432213.1,13569,13892,21
NC_009021.1,JX860640.1,13569,13959,21
NC_009021.1,MT121216.1,14360,14733,20
NC_009021.1,MT040336.1,17943,18434,26
NC_009021.1,NC_039208.1,15350,13806,17
NC_009021.1,bat/Yunnan/RaTG13/2013,15350,15846,26
NC_009021.1,Beijing/IVDC-01-06/2020,15350,15864,26
NC_009021.1,Beijing/IVDC-02-06/2020,15350,15864,26
NC_009021.1,env/Beijing/IVDC-03-06/2020,15350,15864,26
NC_009021.1,NC_046964.1,15855,15052,19
NC_009021.1,NC_014470.1,12699,13042,20
NC_009020.1,NC_009019.1,27880,27714,39
NC_009020.1,NC_006577.2,14311,14220,21
NC_009020.1,NC_005831.2,14314,13044,20
NC_009020.1,NC_004718.3,18047,17751,37
NC_009020.1,NC_003436.1,10118,9134,20
NC_009020.1,NC_003045.1,15289,14927,41
NC_009020.1,NC_002645.1,16968,15782,18
NC_009020.1,NC_001846.1,15298,15196,26
NC_009020.1,NC_001451.1,14314,12986,18
NC_009020.1,KX432213.1,15289,14860,41
NC_009020.1,JX860640.1,15289,14927,41
NC_009020.1,MT121216.1,18052,17685,32
NC_009020.1,MT040336.1,16546,16297,21
NC_009020.1,NC_039208.1,15445,13164,18
NC_009020.1,bat/Yunnan/RaTG13/2013,18055,17811,23
NC_009020.1,Beijing/IVDC-01-06/2020,13358,13138,20
NC_009020.1,Beijing/IVDC-02-06/2020,13358,13138,20
NC_009020.1,env/Beijing/IVDC-03-06/2020,13358,13138,20
NC_009020.1,NC_046964.1,15506,13963,19
NC_009020.1,NC_014470.1,15145,14748,20
NC_009019.1,NC_006577.2,15304,15336,24
NC_009019.1,NC_005831.2,14834,13702,22
NC_009019.1,NC_004718.3,15139,14978,21
NC_009019.1,NC_003436.1,16105,15154,23
NC_009019.1,NC_003045.1,15166,14939,26
NC_009019.1,NC_002645.1,10675,9711,23
NC_009019.1,NC_001846.1,19345,19381,35
NC_009019.1,NC_001451.1,13322,12093,26
NC_009019.1,KX432213.1,15166,14872,26
NC_009019.1,JX860640.1,15166,14939,26
NC_009019.1,MT121216.1,10573,10338,23
NC_009019.1,MT040336.1,17228,17114,25
NC_009019.1,NC_039208.1,15374,13228,29
NC_009019.1,bat/Yunnan/RaTG13/2013,10573,10461,23
NC_009019.1,Beijing/IVDC-01-06/2020,15139,15048,21
NC_009019.1,Beijing/IVDC-02-06/2020,15139,15048,21
NC_009019.1,env/Beijing/IVDC-03-06/2020,15139,15048,21
NC_009019.1,NC_046964.1,15373,13965,27
NC_009019.1,NC_014470.1,14395,14133,30
NC_006577.2,NC_005831.2,17894,16736,29
NC_006577.2,NC_004718.3,26832,25067,23
NC_006577.2,NC_003436.1,15984,15001,20
NC_006577.2,NC_003045.1,12031,11772,44
NC_006577.2,NC_002645.1,14283,13185,21
NC_006577.2,NC_001846.1,15812,15813,42
NC_006577.2,NC_001451.1,15178,13950,25
NC_006577.2,KX432213.1,14055,13729,39
NC_006577.2,JX860640.1,14055,13796,39
NC_006577.2,MT121216.1,15401,15137,18
NC_006577.2,MT040336.1,16437,16291,23
NC_006577.2,NC_039208.1,19295,17108,24
NC_006577.2,bat/Yunnan/RaTG13/2013,19338,19209,21
NC_006577.2,Beijing/IVDC-01-06/2020,15402,15279,30
NC_006577.2,Beijing/IVDC-02-06/2020,15402,15279,30
NC_006577.2,env/Beijing/IVDC-03-06/2020,15402,15279,30
NC_006577.2,NC_046964.1,11993,10592,16
NC_006577.2,NC_014470.1,17556,17265,26
NC_005831.2,NC_004718.3,14238,15209,20
NC_005831.2,NC_003436.1,14649,14830,23
NC_005831.2,NC_003045.1,13104,14024,23
NC_005831.2,NC_002645.1,22880,22435,38
NC_005831.2,NC_001846.1,16893,18052,20
NC_005831.2,NC_001451.1,12750,12680,26
NC_005831.2,KX432213.1,13104,13957,23
NC_005831.2,JX860640.1,13104,14024,23
NC_005831.2,MT121216.1,18106,19039,19
NC_005831.2,MT040336.1,16524,17539,21
NC_005831.2,NC_039208.1,18117,17115,17
NC_005831.2,bat/Yunnan/RaTG13/2013,14174,15197,19
NC_005831.2,Beijing/IVDC-01-06/2020,14238,15279,20
NC_005831.2,Beijing/IVDC-02-06/2020,14238,15279,20
NC_005831.2,env/Beijing/IVDC-03-06/2020,14238,15279,20
NC_005831.2,NC_046964.1,51,35,30
NC_005831.2,NC_014470.1,14661,15531,20
NC_004718.3,NC_003436.1,13985,13192,26
NC_004718.3,NC_003045.1,14375,14309,25
NC_004718.3,NC_002645.1,29725,27275,25
NC_004718.3,NC_001846.1,29725,31332,24
NC_004718.3,NC_001451.1,29592,27479,29
NC_004718.3,KX432213.1,15209,15076,20
NC_004718.3,JX860640.1,15209,15143,20
NC_004718.3,MT121216.1,26140,26102,126
NC_004718.3,MT040336.1,26140,26228,131
NC_004718.3,NC_039208.1,29589,25206,32
NC_004718.3,bat/Yunnan/RaTG13/2013,26140,26238,126
NC_004718.3,Beijing/IVDC-01-06/2020,29626,29769,124
NC_004718.3,Beijing/IVDC-02-06/2020,29626,29769,124
NC_004718.3,env/Beijing/IVDC-03-06/2020,14966,15036,104
NC_004718.3,NC_046964.1,11616,10420,18
NC_004718.3,NC_014470.1,29488,29016,78
NC_003436.1,NC_003045.1,12383,13098,20
NC_003436.1,NC_002645.1,13291,13191,35
NC_003436.1,NC_001846.1,20404,21511,18
NC_003436.1,NC_001451.1,13222,12983,21
NC_003436.1,KX432213.1,12383,13031,20
NC_003436.1,JX860640.1,12383,13098,20
NC_003436.1,MT121216.1,14418,15137,21
NC_003436.1,MT040336.1,14820,15657,30
NC_003436.1,NC_039208.1,12607,11394,18
NC_003436.1,bat/Yunnan/RaTG13/2013,14418,15260,21
NC_003436.1,Beijing/IVDC-01-06/2020,12688,13539,17
NC_003436.1,Beijing/IVDC-02-06/2020,12688,13539,17
NC_003436.1,env/Beijing/IVDC-03-06/2020,12688,13539,17
NC_003436.1,NC_046964.1,16984,16527,33
NC_003436.1,NC_014470.1,14419,15108,23
NC_003045.1,NC_002645.1,14027,13188,18
NC_003045.1,NC_001846.1,14780,15040,56
NC_003045.1,NC_001451.1,15143,14174,30
NC_003045.1,KX432213.1,15722,15655,570
NC_003045.1,JX860640.1,1507,1507,519
NC_003045.1,MT121216.1,14936,14931,20
NC_003045.1,MT040336.1,9177,9251,32
NC_003045.1,NC_039208.1,5212,4115,18
NC_003045.1,bat/Yunnan/RaTG13/2013,19154,19284,20
NC_003045.1,Beijing/IVDC-01-06/2020,15143,15279,23
NC_003045.1,Beijing/IVDC-02-06/2020,15143,15279,23
NC_003045.1,env/Beijing/IVDC-03-06/2020,15143,15279,23
NC_003045.1,NC_046964.1,27001,23574,23
NC_003045.1,NC_014470.1,14298,14263,31
NC_002645.1,NC_001846.1,27274,31331,25
NC_002645.1,NC_001451.1,18193,18063,23
NC_002645.1,KX432213.1,9656,10353,20
NC_002645.1,JX860640.1,13188,14027,18
NC_002645.1,MT121216.1,20097,20952,23
NC_002645.1,MT040336.1,16605,17539,21
NC_002645.1,NC_039208.1,14904,13806,23
NC_002645.1,bat/Yunnan/RaTG13/2013,14900,15842,21
NC_002645.1,Beijing/IVDC-01-06/2020,27275,29868,34
NC_002645.1,Beijing/IVDC-02-06/2020,27275,29868,34
NC_002645.1,env/Beijing/IVDC-03-06/2020,27275,29868,34
NC_002645.1,NC_046964.1,9724,9370,28
NC_002645.1,NC_014470.1,27275,29252,23
NC_001846.1,NC_001451.1,8844,7486,19
NC_001846.1,KX432213.1,16519,16192,59
NC_001846.1,JX860640.1,15040,14780,56
NC_001846.1,MT121216.1,15179,14914,37
NC_001846.1,MT040336.1,14896,14749,19
NC_001846.1,NC_039208.1,13362,11186,19
NC_001846.1,bat/Yunnan/RaTG13/2013,15643,15501,21
NC_001846.1,Beijing/IVDC-01-06/2020,31332,29868,24
NC_001846.1,Beijing/IVDC-02-06/2020,31332,29868,24
NC_001846.1,env/Beijing/IVDC-03-06/2020,31332,29868,24
NC_001846.1,NC_046964.1,15991,14550,23
NC_001846.1,NC_014470.1,31332,29252,23
NC_001451.1,KX432213.1,14174,15076,30
NC_001451.1,JX860640.1,14174,15143,30
NC_001451.1,MT121216.1,13946,14910,18
NC_001451.1,MT040336.1,27479,29681,29
NC_001451.1,NC_039208.1,27479,25209,31
NC_001451.1,bat/Yunnan/RaTG13/2013,27479,29701,29
NC_001451.1,Beijing/IVDC-01-06/2020,14174,15279,23
NC_001451.1,Beijing/IVDC-02-06/2020,14174,15279,23
NC_001451.1,env/Beijing/IVDC-03-06/2020,14174,15279,23
NC_001451.1,NC_046964.1,23637,24179,21
NC_001451.1,NC_014470.1,27479,29120,29
KX432213.1,JX860640.1,26964,27031,856
KX432213.1,MT121216.1,14820,14882,22
KX432213.1,MT040336.1,9110,9251,32
KX432213.1,NC_039208.1,5145,4115,18
KX432213.1,bat/Yunnan/RaTG13/2013,19018,19215,21
KX432213.1,Beijing/IVDC-01-06/2020,15076,15279,23
KX432213.1,Beijing/IVDC-02-06/2020,15076,15279,23
KX432213.1,env/Beijing/IVDC-03-06/2020,15076,15279,23
KX432213.1,NC_046964.1,26934,23574,23
KX432213.1,NC_014470.1,14878,14910,20
JX860640.1,MT121216.1,14936,14931,20
JX860640.1,MT040336.1,9177,9251,32
JX860640.1,NC_039208.1,5212,4115,18
JX860640.1,bat/Yunnan/RaTG13/2013,9183,9262,17
JX860640.1,Beijing/IVDC-01-06/2020,15143,15279,23
JX860640.1,Beijing/IVDC-02-06/2020,15143,15279,23
JX860640.1,env/Beijing/IVDC-03-06/2020,15143,15279,23
JX860640.1,NC_046964.1,27001,23574,23
JX860640.1,NC_014470.1,14945,14910,20
MT121216.1,MT040336.1,26024,26150,204
MT121216.1,NC_039208.1,16446,14760,20
MT121216.1,bat/Yunnan/RaTG13/2013,25946,26082,287
MT121216.1,Beijing/IVDC-01-06/2020,26002,26168,162
MT121216.1,Beijing/IVDC-02-06/2020,26002,26168,162
MT121216.1,env/Beijing/IVDC-03-06/2020,26002,26168,162
MT121216.1,NC_046964.1,15141,13965,20
MT121216.1,NC_014470.1,23,68,175
MT040336.1,NC_039208.1,29677,25205,33
MT040336.1,bat/Yunnan/RaTG13/2013,26150,26160,204
MT040336.1,Beijing/IVDC-01-06/2020,26150,26190,140
MT040336.1,Beijing/IVDC-02-06/2020,26150,26190,140
MT040336.1,env/Beijing/IVDC-03-06/2020,26150,26190,140
MT040336.1,NC_046964.1,3437,3871,22
MT040336.1,NC_014470.1,242,166,77
NC_039208.1,bat/Yunnan/RaTG13/2013,25205,29697,33
NC_039208.1,Beijing/IVDC-01-06/2020,25205,29731,26
NC_039208.1,Beijing/IVDC-02-06/2020,25205,29731,26
NC_039208.1,env/Beijing/IVDC-03-06/2020,25205,29731,26
NC_039208.1,NC_046964.1,13228,13966,26
NC_039208.1,NC_014470.1,25205,29116,33
bat/Yunnan/RaTG13/2013,Beijing/IVDC-01-06/2020,19077,19095,335
bat/Yunnan/RaTG13/2013,Beijing/IVDC-02-06/2020,19077,19095,335
bat/Yunnan/RaTG13/2013,env/Beijing/IVDC-03-06/2020,19077,19095,335
bat/Yunnan/RaTG13/2013,NC_046964.1,15264,13965,20
bat/Yunnan/RaTG13/2013,NC_014470.1,217,157,86
Beijing/IVDC-01-06/2020,Beijing/IVDC-02-06/2020,12085,12085,17608
Beijing/IVDC-01-06/2020,env/Beijing/IVDC-03-06/2020,12085,12085,17782
Beijing/IVDC-01-06/2020,NC_046964.1,17766,16452,18
Beijing/IVDC-01-06/2020,NC_014470.1,143,68,86
Beijing/IVDC-02-06/2020,env/Beijing/IVDC-03-06/2020,11910,11910,17783
Beijing/IVDC-02-06/2020,NC_046964.1,17766,16452,18
Beijing/IVDC-02-06/2020,NC_014470.1,143,68,86
env/Beijing/IVDC-03-06/2020,NC_046964.1,17766,16452,18
env/Beijing/IVDC-03-06/2020,NC_014470.1,143,68,86
NC_046964.1,NC_014470.1,3871,3268,20
